,name,train_batch_size,predict_batch_size,train_epochs,lr,criterion,optimizer,scheduler,layers,train_loss,epoch0,epoch1,epoch2,epoch3,epoch4,epoch5,epoch6,epoch7,epoch8,epoch9,epoch10,epoch11,epoch12,epoch13,epoch14,epoch15,epoch16,epoch17,epoch18,epoch19,epoch20,epoch21,epoch22,epoch23,epoch24,epoch25,epoch26,epoch27,epoch28,epoch29,use_gpu,if_scheduler
01/25/2023 12:52,mnist,60,100,10,0.0001,CE,,,"[('cnn2d', ((1, 10, (5, 5), 1, 2), 1, 'avg', (1, 1), 'relu')), ('cnn2d', ((10, 20, (5, 5), 1, 2), 1, 'avg', (1, 1), 'relu')), ('cnn2d', ((20, 39, (5, 5), 1, 2), 1, 'avg', (1, 1), 'relu')), ('attention', (39, 3)), ('linear', (39, 10, (1, 2, 3))), ('softmax', 1)]","{'epoch0': 2.1281805815696715, 'epoch1': 1.68596393430233, 'epoch2': 1.555079154610634, 'epoch3': 1.5286816772222518, 'epoch4': 1.5176288497447967, 'epoch5': 1.516713157057762, 'epoch6': 1.50879574406147, 'epoch7': 1.5032190948724746, 'epoch8': 1.4995467598438263, 'epoch9': 1.4972995887994767}",0.6548,0.9334,0.9487,0.9575,0.9585,0.9623,0.9654,0.9694,0.9707,0.9708,,,,,,,,,,,,,,,,,,,,,True,True
02/09/2023 16:25,mnist,60,100,10,0.0001,CE,,,"[('cnn2d', ((1, 12, (7, 7), 1, 3, 1, 1), 1, None, None, False, False)), ('avgpool', (2, 2)), ('atc2d', ((12, 24, (3, 3), 1, 1, 1, 12), 1, None, None, False, True)), ('atc2d', ((24, 48, (3, 3), 1, 1, 1, 24), 1, None, None, False, True)), ('adptavgpool', (1, 1)), ('linear', (48, 10, (1, 2, 3))), ('softmax', 1)]","{'epoch0': 2.30309584403038, 'epoch1': 2.302479537963867, 'epoch2': 2.301861007452011}",0.106,0.1068,0.1055,,,,,,,,,,,,,,,,,,,,,,,,,,,,,
02/09/2023 16:26,mnist,60,100,10,0.001,CE,,,"[('cnn2d', ((1, 12, (7, 7), 1, 3, 1, 1), 1, None, None, 'relu', False)), ('avgpool', (2, 2)), ('atc2d', ((12, 24, (3, 3), 1, 1, 1, 12), 1, None, None, 'relu', True)), ('atc2d', ((24, 48, (3, 3), 1, 1, 1, 24), 1, None, None, 'relu', True)), ('adptavgpool', (1, 1)), ('linear', (48, 10, (1, 2, 3))), ('softmax', 1)]","{'epoch0': 2.299166903734207, 'epoch1': 2.2968494803905486}",0.0982,0.0982,,,,,,,,,,,,,,,,,,,,,,,,,,,,,,
02/09/2023 16:27,mnist,60,100,10,0.001,CE,Adam,,"[('cnn2d', ((1, 12, (7, 7), 1, 3, 1, 1), 1, None, None, False, False)), ('avgpool', (2, 2)), ('atc2d', ((12, 24, (3, 3), 1, 1, 1, 12), 1, None, None, False, True)), ('atc2d', ((24, 48, (3, 3), 1, 1, 1, 24), 1, None, None, False, True)), ('adptavgpool', (1, 1)), ('linear', (48, 10, (1, 2, 3))), ('softmax', 1)]","{'epoch0': 1.677220597743988, 'epoch1': 1.518463214635849, 'epoch2': 1.5060737334489822, 'epoch3': 1.4990882037878037, 'epoch4': 1.4958489804267883, 'epoch5': 1.492030655860901, 'epoch6': 1.4902627186775208, 'epoch7': 1.4886391249895097, 'epoch8': 1.487154417872429, 'epoch9': 1.486497062087059}",0.9489,0.9695,0.9628,0.9695,0.9701,0.9707,0.978,0.968,0.9776,0.9786,,,,,,,,,,,,,,,,,,,,,,
02/09/2023 16:32,mnist,60,100,10,0.001,CE,Adam,,"[('cnn2d', ((1, 12, (7, 7), 1, 3, 1, 1), 1, None, None, False, False)), ('atc2d', ((12, 24, (3, 3), 1, 1, 1, 6), 1, None, None, False, True)), ('atc2d', ((24, 48, (3, 3), 1, 1, 1, 12), 1, None, None, False, True)), ('adptavgpool', (1, 1)), ('linear', (48, 10, (1, 2, 3))), ('softmax', 1)]","{'epoch0': 1.743654878973961, 'epoch1': 1.5313304722309113, 'epoch2': 1.5178488547801972, 'epoch3': 1.5101853845119477, 'epoch4': 1.5052598885297774, 'epoch5': 1.5023229697942733, 'epoch6': 1.4994852474927902, 'epoch7': 1.496814577102661, 'epoch8': 1.4959996663331985, 'epoch9': 1.4945659787654877}",0.9346,0.9597,0.9602,0.9663,0.9689,0.9622,0.9685,0.9722,0.9734,0.9761,,,,,,,,,,,,,,,,,,,,,,
02/09/2023 16:44,mnist,60,100,10,0.001,CE,Adam,,"[('cnn2d', ((1, 12, (7, 7), 1, 3, 1, 1), 1, None, None, False, False)), ('avgpool', (2, 2)), ('atc2d', ((12, 24, (3, 3), 1, 1, 1, 6), 1, None, None, False, True)), ('atc2d', ((24, 48, (3, 3), 1, 1, 1, 12), 1, None, None, False, True)), ('adptavgpool', (1, 1)), ('linear', (48, 10, (1, 2, 3))), ('softmax', 1)]","{'epoch0': 1.6665500195026397, 'epoch1': 1.5176446037292481, 'epoch2': 1.5035318565368652, 'epoch3': 1.4977892425060273, 'epoch4': 1.4944858438968658, 'epoch5': 1.4910845053195954, 'epoch6': 1.48933387696743, 'epoch7': 1.4879198631048203, 'epoch8': 1.486376638650894, 'epoch9': 1.4855478571653367}",0.9575,0.9583,0.9723,0.9727,0.9667,0.9789,0.9773,0.978,0.9726,0.9785,,,,,,,,,,,,,,,,,,,,,,
02/09/2023 16:49,mnist,60,100,10,0.001,CE,Adam,,"[('cnn2d', ((1, 12, (7, 7), 1, 3, 1, 1), 1, None, None, 'relu', False)), ('avgpool', (2, 2)), ('cnn2d', ((12, 24, (3, 3), 1, 1, 1, 6), 1, None, None, 'relu', True)), ('cnn2d', ((24, 48, (3, 3), 1, 1, 1, 12), 1, None, None, 'relu', True)), ('adptavgpool', (1, 1)), ('linear', (48, 10, (1, 2, 3))), ('softmax', 1)]","{'epoch0': 1.8782649803161622, 'epoch1': 1.5876720098257064, 'epoch2': 1.5290590196847915, 'epoch3': 1.5167369230985641, 'epoch4': 1.5107576038837434, 'epoch5': 1.507105261206627, 'epoch6': 1.5040385110378265, 'epoch7': 1.5024993805885314, 'epoch8': 1.501256777048111, 'epoch9': 1.4996684585809708}",0.8633,0.947,0.9584,0.9636,0.9624,0.968,0.9699,0.968,0.9696,0.9727,,,,,,,,,,,,,,,,,,,,,,
02/09/2023 17:01,mnist,60,100,10,0.001,CE,Adam,,"[('cnn2d', ((1, 12, (7, 7), 1, 3, 1, 1), 1, None, None, False, False)), ('avgpool', (2, 2)), ('atc2d', ((12, 24, (5, 5), 1, 2, 1, 6), 1, None, None, False, True)), ('atc2d', ((24, 48, (5, 5), 1, 2, 1, 12), 1, None, None, False, True)), ('adptavgpool', (1, 1)), ('linear', (48, 10, (1, 2, 3))), ('softmax', 1)]","{'epoch0': 1.57911162173748, 'epoch1': 1.4936381825208664, 'epoch2': 1.4867052758932113, 'epoch3': 1.4837260302305222, 'epoch4': 1.4812049041986466, 'epoch5': 1.480358714580536, 'epoch6': 1.479201999425888, 'epoch7': 1.478033143043518, 'epoch8': 1.477092386484146, 'epoch9': 1.4770510996580124}",0.966,0.9805,0.9798,0.9838,0.9826,0.9861,0.9824,0.9865,0.985,0.984,,,,,,,,,,,,,,,,,,,,,,
02/11/2023 10:46,mnist,60,100,10,0.001,CE,Adam,,"[('cnn2d', ((1, 12, (7, 7), 1, 3, 1, 1), 1, None, None, False, False)), ('atc2d', ((12, 24, (3, 3), 1, 1, 1, 6), 1, None, None, False, True)), ('atc2d', ((24, 48, (3, 3), 1, 1, 1, 12), 1, None, None, False, True)), ('cnn2d', ((48, 48, (4, 4), 4, 0, 1, 24), 1, None, None, 'relu', False)), ('cnn2d', ((48, 48, (7, 7), 1, 0, 1, 48), 1, None, None, 'relu', False)), ('linear', (48, 10, (1, 2, 3))), ('softmax', 1)]","{'epoch0': 1.5885448204278947, 'epoch1': 1.4892700655460358, 'epoch2': 1.4809811972379685, 'epoch3': 1.4783239203691483, 'epoch4': 1.4763216321468353, 'epoch5': 1.475027202129364, 'epoch6': 1.4741713808774948, 'epoch7': 1.4735287655591964, 'epoch8': 1.4727517360448836, 'epoch9': 1.4726619523763658}",0.9798,0.9849,0.988,0.989,0.9896,0.9896,0.991,0.9919,0.9897,0.9915,,,,,,,,,,,,,,,,,,,,,,
02/11/2023 10:59,mnist,60,100,10,0.001,CE,Adam,multistep3,"[('cnn2d', ((1, 10, (7, 7), 1, 3, 1, 1), 1, None, None, False, False)), ('atc2d', ((10, 20, (3, 3), 1, 1, 1, 5), 1, None, None, False, True)), ('atc2d', ((20, 40, (3, 3), 1, 1, 1, 10), 1, None, None, False, True)), ('cnn2d', ((40, 40, (4, 4), 4, 0, 1, 20), 1, None, None, 'relu', False)), ('cnn2d', ((40, 40, (7, 7), 1, 0, 1, 40), 1, None, None, 'relu', False)), ('linear', (40, 10, (1, 2, 3))), ('softmax', 1)]",{'epoch0': 1.6071968253850937},0.9793,,,,,,,,,,,,,,,,,,,,,,,,,,,,,,,
02/11/2023 11:02,mnist,60,100,10,0.001,CE,Adam,multistep3,"[('cnn2d', ((1, 12, (7, 7), 1, 3, 1, 1), 1, None, None, False, False)), ('atc2d', ((12, 24, (3, 3), 1, 1, 1, 6), 1, None, None, False, True)), ('atc2d', ((24, 48, (3, 3), 1, 1, 1, 12), 1, None, None, False, True)), ('cnn2d', ((48, 48, (4, 4), 4, 0, 1, 24), 1, None, None, 'relu', False)), ('cnn2d', ((48, 48, (7, 7), 1, 0, 1, 48), 1, None, None, 'relu', False)), ('linear', (48, 10, (1, 2, 3))), ('softmax', 1)]","{'epoch0': 1.5921674922704696, 'epoch1': 1.4872132793664932, 'epoch2': 1.4804677449464798, 'epoch3': 1.4747936990261077, 'epoch4': 1.4734781031608581, 'epoch5': 1.4708732229471206, 'epoch6': 1.4701237049102782, 'epoch7': 1.4690088587999344, 'epoch8': 1.4685111770629882, 'epoch9': 1.468276365876198}",0.9814,0.9876,0.9888,0.9912,0.9913,0.9927,0.9919,0.9929,0.9921,0.993,,,,,,,,,,,,,,,,,,,,,,
02/11/2023 11:17,mnist,60,100,10,0.001,CE,Adam,multistep3,"[('cnn2d', ((1, 16, (7, 7), 1, 3, 1, 1), 1, None, None, False, False)), ('atc2d', ((16, 32, (3, 3), 1, 1, 1, 8), 1, None, None, False, True)), ('atc2d', ((32, 64, (3, 3), 1, 1, 1, 16), 1, None, None, False, True)), ('cnn2d', ((64, 64, (4, 4), 4, 0, 1, 32), 1, None, None, 'relu', False)), ('cnn2d', ((64, 64, (7, 7), 1, 0, 1, 64), 1, None, None, 'relu', False)), ('linear', (64, 10, (1, 2, 3))), ('softmax', 1)]","{'epoch0': 1.5669656043052673, 'epoch1': 1.484839754343033, 'epoch2': 1.479364338517189, 'epoch3': 1.4737881405353546, 'epoch4': 1.4721684052944184, 'epoch5': 1.4696585475206374, 'epoch6': 1.4688433247804642, 'epoch7': 1.4676003707647323, 'epoch8': 1.4672180782556534, 'epoch9': 1.4666319140195847}",0.9825,0.9854,0.9867,0.9903,0.991,0.9922,0.9921,0.992,0.993,0.9927,,,,,,,,,,,,,,,,,,,,,,
02/11/2023 11:33,mnist,60,100,10,0.001,CE,Adam,multistep3,"[('cnn2d', ((1, 16, (7, 7), 1, 3, 1, 1), 1, None, None, False, False)), ('atc2d', ((16, 32, (3, 3), 1, 1, 1, 8), 1, None, None, False, True)), ('atc2d', ((32, 64, (3, 3), 1, 1, 1, 16), 1, None, None, False, True)), ('adptavgpool', (1, 1)), ('linear', (64, 10, (1, 2, 3))), ('softmax', 1)]","{'epoch0': 1.6835459088087081, 'epoch1': 1.5213576122522354, 'epoch2': 1.5071240249872209, 'epoch3': 1.4971176986694337}",0.9486,0.968,0.9716,0.9761,,,,,,,,,,,,,,,,,,,,,,,,,,,,
02/11/2023 11:44,mnist,60,100,10,0.001,CE,Adam,multistep3,"[('cnn2d', ((1, 12, (7, 7), 1, 3, 1, 1), 1, None, None, False, False)), ('atc2d', ((12, 24, (3, 3), 1, 1, 1, 6), 1, None, None, False, True)), ('atc2d', ((24, 48, (3, 3), 1, 1, 1, 12), 1, 'first', (2, 2), False, True)), ('atc2d', ((48, 96, (3, 3), 1, 1, 1, 24), 1, 'first', (2, 2), False, True)), ('cnn2d', ((96, 96, (3, 3), 1, 0, 1, 48), 1, None, None, 'relu', False)), ('cnn2d', ((96, 96, (3, 3), 1, 0, 1, 96), 1, None, None, 'relu', False)), ('adptavgpool', (1, 1)), ('linear', (96, 10, (1, 2, 3))), ('softmax', 1)]","{'epoch0': 1.5600729885101319, 'epoch1': 1.4799662948846817, 'epoch2': 1.4768109971284866, 'epoch3': 1.4715892249345779, 'epoch4': 1.470686331152916, 'epoch5': 1.4683788508176803, 'epoch6': 1.467646706700325, 'epoch7': 1.4663134392499924, 'epoch8': 1.4661954046487808, 'epoch9': 1.4653769121170044}",0.9871,0.9879,0.9909,0.9922,0.994,0.9949,0.995,0.9944,0.9947,0.9952,,,,,,,,,,,,,,,,,,,,,,
02/13/2023 12:28,mnist,60,100,10,0.001,CE,Adam,multistep3,"[('cnn2d', ((1, 12, (7, 7), 1, 3, 1, 1), 1, None, None, False, False)), ('atc2d', ((12, 24, (3, 3), 1, 1, 1, 6), 1, None, None, False, True)), ('atc2d', ((24, 48, (3, 3), 1, 1, 1, 12), 1, 'first', (2, 2), False, True)), ('atc2d', ((48, 96, (3, 3), 1, 1, 1, 24), 1, 'first', (2, 2), False, True)), ('cnn2d', ((96, 96, (3, 3), 1, 0, 1, 48), 1, None, None, 'relu', False)), ('cnn2d', ((96, 96, (3, 3), 1, 0, 1, 96), 1, None, None, 'relu', False)), ('adptavgpool', (1, 1)), ('linear', (96, 10, (1, 2, 3))), ('softmax', 1)]","{'epoch0': 1.5573260403871536, 'epoch1': 1.480375692486763, 'epoch2': 1.4761801002025605, 'epoch3': 1.4716323499679564, 'epoch4': 1.4708810533285142, 'epoch5': 1.468329453110695, 'epoch6': 1.4677027131319047, 'epoch7': 1.4665276038646697, 'epoch8': 1.466153544664383, 'epoch9': 1.465327052950859}",0.9843,0.9885,0.99,0.9921,0.9918,0.9935,0.9943,0.9948,0.9938,0.9949,,,,,,,,,,,,,,,,,,,,,,
02/13/2023 12:53,mnist,60,100,10,0.001,CE,Adam,multistep3,"[('cnn2d', ((1, 12, (7, 7), 1, 3, 1, 1), 1, None, None, False, False)), ('atc2d', ((12, 24, (3, 3), 1, 1, 1, 6), 1, None, None, False, True)), ('atc2d', ((24, 48, (3, 3), 1, 1, 1, 12), 1, None, None, False, True)), ('atc2d', ((48, 96, (3, 3), 1, 1, 1, 24), 1, None, None, False, True)), ('cnn2d', ((96, 96, (3, 3), 2, 1, 1, 48), 1, None, None, 'relu', False)), ('cnn2d', ((96, 96, (3, 3), 2, 0, 1, 96), 1, None, None, 'relu', False)), ('cnn2d', ((96, 96, (3, 3), 3, 0, 1, 96), 1, None, None, 'relu', False)), ('adptavgpool', (1, 1)), ('linear', (96, 10, (1, 2, 3))), ('softmax', 1)]","{'epoch0': 1.595150095820427, 'epoch1': 1.4871190707683564, 'epoch2': 1.4809714111089707, 'epoch3': 1.4746639779806137, 'epoch4': 1.473263079404831, 'epoch5': 1.4702257651090622, 'epoch6': 1.4693170883655549, 'epoch7': 1.4677219029664994, 'epoch8': 1.4673191392421723, 'epoch9': 1.4665840467214584}",0.9822,0.9854,0.9888,0.9905,0.9928,0.9934,0.9932,0.9946,0.9944,0.9944,,,,,,,,,,,,,,,,,,,,,,
02/14/2023 16:28,mnist,60,100,10,0.001,CE,Adam,multistep3,"[('cnn2d', ((1, 12, (7, 7), 1, 3, 1, 1), 1, None, None, False, False)), ('atc2d', ((12, 24, (3, 3), 1, 1, 1, 6), 1, None, None, False, True)), ('atc2d', ((24, 48, (3, 3), 1, 1, 1, 12), 1, None, None, False, True)), ('atc2d', ((48, 96, (3, 3), 1, 1, 1, 24), 1, None, None, False, True)), ('adptavgpool', (1, 1)), ('linear', (96, 10, (1, 2, 3))), ('softmax', 1)]",{'epoch0': 1.6138346254825593},0.97,,,,,,,,,,,,,,,,,,,,,,,,,,,,,,,
02/14/2023 16:31,mnist,60,100,10,0.001,CE,Adam,multistep3,"[('cnn2d', ((1, 12, (7, 7), 1, 3, 1, 1), 1, None, None, False, False)), ('atc2d', ((12, 24, (3, 3), 1, 1, 1, 6), 1, None, None, False, True)), ('atc2d', ((24, 48, (3, 3), 1, 1, 1, 12), 1, None, None, False, True)), ('atc2d', ((48, 96, (3, 3), 1, 1, 1, 24), 1, None, None, False, True)), ('cnn2d', ((96, 96, (3, 3), 2, 1, 1, 48), 1, None, None, 'relu', False)), ('adptavgpool', (1, 1)), ('linear', (96, 10, (1, 2, 3))), ('softmax', 1)]",{'epoch0': 1.6875504451990126},0.9694,,,,,,,,,,,,,,,,,,,,,,,,,,,,,,,
02/14/2023 16:35,mnist,60,100,10,0.001,CE,Adam,multistep3,"[('cnn2d', ((1, 12, (7, 7), 1, 3, 1, 1), 1, None, None, False, False)), ('atc2d', ((12, 24, (3, 3), 1, 1, 1, 6), 1, None, None, False, True)), ('atc2d', ((24, 48, (3, 3), 1, 1, 1, 12), 1, None, None, False, True)), ('atc2d', ((48, 96, (3, 3), 1, 1, 1, 24), 1, 'first', (2, 2), False, True)), ('cnn2d', ((96, 96, (3, 3), 2, 1, 1, 48), 1, None, None, 'relu', False)), ('adptavgpool', (1, 1)), ('linear', (96, 10, (1, 2, 3))), ('softmax', 1)]",{'epoch0': 1.662495012164116},0.9659,,,,,,,,,,,,,,,,,,,,,,,,,,,,,,,
02/14/2023 16:40,mnist,60,100,10,0.001,CE,Adam,multistep3,"[('cnn2d', ((1, 12, (7, 7), 1, 3, 1, 1), 1, None, None, False, False)), ('atc2d', ((12, 24, (3, 3), 1, 1, 1, 6), 1, None, None, False, True)), ('atc2d', ((24, 48, (3, 3), 1, 1, 1, 12), 1, 'first', (2, 2), False, True)), ('atc2d', ((48, 96, (3, 3), 1, 1, 1, 24), 1, 'first', (2, 2), False, True)), ('cnn2d', ((96, 96, (3, 3), 1, 0, 1, 48), 1, None, None, 'relu', False)), ('cnn2d', ((96, 96, (3, 3), 1, 0, 1, 96), 1, None, None, False, False)), ('adptavgpool', (1, 1)), ('linear', (96, 10, (1, 2, 3))), ('softmax', 1)]","{'epoch0': 1.5304293924570083, 'epoch1': 1.4789316405057906, 'epoch2': 1.475551495194435, 'epoch3': 1.4708653259277344, 'epoch4': 1.4701930381059647, 'epoch5': 1.4676821432113647, 'epoch6': 1.4673893406391143, 'epoch7': 1.4659325761795043, 'epoch8': 1.4654715589284897, 'epoch9': 1.464989622116089}",0.9843,0.9834,0.9893,0.9915,0.9903,0.9939,0.9929,0.9946,0.994,0.9946,,,,,,,,,,,,,,,,,,,,,,
02/14/2023 16:57,mnist,60,100,10,0.001,CE,Adam,multistep3,"[('cnn2d', ((1, 12, (7, 7), 1, 3, 1, 1), 1, None, None, False, False)), ('atc2d', ((12, 24, (3, 3), 1, 1, 1, 6), 1, None, None, False, True)), ('atc2d', ((24, 48, (3, 3), 1, 1, 1, 12), 1, 'first', (2, 2), False, True)), ('atc2d', ((48, 96, (3, 3), 1, 1, 1, 24), 1, 'first', (2, 2), False, True)), ('atc2d', ((96, 192, (3, 3), 1, 0, 1, 48), 1, None, None, 'relu', False)), ('cnn2d', ((192, 192, (3, 3), 1, 0, 1, 96), 1, None, None, 'relu', False)), ('cnn2d', ((192, 192, (3, 3), 1, 0, 1, 192), 1, None, None, False, False)), ('linear', (192, 10, (1, 2, 3))), ('softmax', 1)]","{'epoch0': 1.5088356885910035, 'epoch1': 1.4786222059726715, 'epoch2': 1.4760361009836196, 'epoch3': 1.4704676744937897, 'epoch4': 1.4696244665384293, 'epoch5': 1.4672781616449355, 'epoch6': 1.4666220123767852, 'epoch7': 1.4648058414459229, 'epoch8': 1.464313068151474, 'epoch9': 1.4637398639917374}",0.9845,0.9877,0.9842,0.9916,0.9919,0.994,0.9949,0.9948,0.9945,0.9946,,,,,,,,,,,,,,,,,,,,,,
02/14/2023 17:49,mnist,60,100,10,0.001,CE,Adam,multistep3,"[('cnn2d', ((1, 12, (7, 7), 1, 3, 1, 1), 1, None, None, False, False)), ('atc2d', ((12, 24, (3, 3), 1, 1, 1, 6), 1, None, None, False, True)), ('atc2d', ((24, 48, (3, 3), 1, 1, 1, 12), 1, 'first', (2, 2), False, True)), ('atc2d', ((48, 96, (3, 3), 1, 1, 1, 24), 1, 'first', (2, 2), False, True)), ('atc2d', ((96, 192, (3, 3), 1, 0, 1, 48), 1, None, None, False, False)), ('atc2d', ((192, 192, (3, 3), 1, 0, 1, 96), 1, None, None, 'relu', False)), ('cnn2d', ((192, 192, (3, 3), 1, 0, 1, 192), 1, None, None, False, False)), ('linear', (192, 10, (1, 2, 3))), ('softmax', 1)]","{'epoch0': 1.5130847263336182, 'epoch1': 1.4817972232103347, 'epoch2': 1.4787280014753341}",0.9706,0.9824,0.983,,,,,,,,,,,,,,,,,,,,,,,,,,,,,
02/14/2023 17:56,mnist,60,100,10,0.001,CE,Adam,multistep3,"[('cnn2d', ((1, 12, (7, 7), 1, 3, 1, 1), 1, None, None, False, False)), ('atc2d', ((12, 24, (3, 3), 1, 1, 1, 6), 1, None, None, False, True)), ('atc2d', ((24, 48, (3, 3), 1, 1, 1, 12), 1, 'first', (2, 2), False, True)), ('atc2d', ((48, 96, (3, 3), 1, 1, 1, 24), 1, 'first', (2, 2), False, True)), ('atc2d', ((96, 192, (3, 3), 1, 0, 1, 48), 1, None, None, False, False)), ('atc2d', ((192, 192, (3, 3), 1, 0, 1, 96), 1, None, None, False, False)), ('cnn2d', ((192, 192, (3, 3), 1, 0, 1, 192), 1, None, None, False, False)), ('linear', (192, 10, (1, 2, 3))), ('softmax', 1)]",{'epoch0': 1.5117998356819153},0.9732,,,,,,,,,,,,,,,,,,,,,,,,,,,,,,,
02/14/2023 18:00,mnist,60,100,10,0.001,CE,Adam,multistep3,"[('cnn2d', ((1, 12, (7, 7), 1, 3, 1, 1), 1, None, None, False, False)), ('atc2d', ((12, 24, (3, 3), 1, 1, 1, 6), 1, None, None, False, True)), ('atc2d', ((24, 48, (3, 3), 1, 1, 1, 12), 1, 'first', (2, 2), False, True)), ('atc2d', ((48, 96, (3, 3), 1, 1, 1, 24), 1, 'first', (2, 2), False, True)), ('atc2d', ((96, 192, (3, 3), 1, 0, 1, 48), 1, None, None, False, False)), ('atc2d', ((192, 192, (3, 3), 1, 0, 1, 96), 1, None, None, False, False)), ('adptavgpool', (1, 1)), ('linear', (192, 10, (1, 2, 3))), ('softmax', 1)]","{'epoch0': 1.515107463002205, 'epoch1': 1.4826772171258926, 'epoch2': 1.4802568056583405, 'epoch3': 1.473345285654068, 'epoch4': 1.472813854932785, 'epoch5': 1.4688880861997604, 'epoch6': 1.468232375741005, 'epoch7': 1.4662339191436768, 'epoch8': 1.4656436904668808, 'epoch9': 1.4646998373270035}",0.9834,0.9816,0.9863,0.9861,0.9895,0.9941,0.9932,0.9949,0.9945,0.9945,,,,,,,,,,,,,,,,,,,,,,
02/14/2023 18:12,mnist,60,100,10,0.001,CE,Adam,multistep3,"[('cnn2d', ((1, 12, (7, 7), 1, 3, 1, 1), 1, None, None, False, False)), ('atc2d', ((12, 24, (3, 3), 1, 1, 1, 6), 1, None, None, False, True)), ('atc2d', ((24, 48, (3, 3), 1, 1, 1, 12), 1, 'first', (2, 2), False, True)), ('atc2d', ((48, 96, (3, 3), 1, 1, 1, 24), 1, 'first', (2, 2), False, True)), ('atc2d', ((96, 192, (3, 3), 1, 0, 1, 48), 1, None, None, False, False)), ('atc2d', ((192, 384, (3, 3), 1, 0, 1, 96), 1, None, None, False, False)), ('atc2d', ((384, 384, (3, 3), 1, 0, 1, 192), 1, None, None, False, False)), ('linear', (384, 10, (1, 2, 3))), ('softmax', 1)]","{'epoch0': 1.5199066984653473, 'epoch1': 1.4874384490251542, 'epoch2': 1.4843315303325653, 'epoch3': 1.4764102218151092, 'epoch4': 1.474049467086792, 'epoch5': 1.470393791794777, 'epoch6': 1.4692873305082321, 'epoch7': 1.4668779113292694, 'epoch8': 1.466422191143036}",0.9751,0.9789,0.9507,0.9891,0.9876,0.9916,0.9906,0.9923,0.9939,,,,,,,,,,,,,,,,,,,,,,,
02/14/2023 18:06,mnist,60,100,10,0.001,CE,Adam,multistep3,"[('cnn2d', ((1, 12, (7, 7), 1, 3, 1, 1), 1, None, None, False, False)), ('atc2d', ((12, 24, (3, 3), 1, 1, 1, 6), 1, None, None, False, True)), ('atc2d', ((24, 48, (3, 3), 1, 1, 1, 12), 1, 'first', (2, 2), False, True)), ('atc2d', ((48, 96, (3, 3), 1, 1, 1, 24), 1, 'first', (2, 2), False, True)), ('atc2d', ((96, 192, (3, 3), 1, 0, 1, 48), 1, None, None, False, False)), ('atc2d', ((192, 192, (3, 3), 1, 0, 1, 96), 1, None, None, False, False)), ('atc2d', ((192, 192, (3, 3), 1, 0, 1, 96), 1, None, None, False, False)), ('linear', (192, 10, (1, 2, 3))), ('softmax', 1)]","{'epoch0': 1.5162052611112595, 'epoch1': 1.4850395996570587, 'epoch2': 1.4816277309656143, 'epoch3': 1.4738510311841966, 'epoch4': 1.4734209934473037, 'epoch5': 1.4688832154273987, 'epoch6': 1.4682690325975418, 'epoch7': 1.4665222078561784, 'epoch8': 1.4658638747930526, 'epoch9': 1.4646360962390899}",0.9702,0.9808,0.9834,0.9875,0.9903,0.9926,0.992,0.994,0.9936,0.9942,,,,,,,,,,,,,,,,,,,,,,
02/14/2023 18:21,mnist,60,100,10,0.001,CE,Adam,multistep3,"[('cnn2d', ((1, 12, (7, 7), 1, 3, 1, 1), 1, None, None, False, False)), ('atc2d', ((12, 24, (3, 3), 1, 1, 1, 6), 1, None, None, False, True)), ('atc2d', ((24, 48, (3, 3), 1, 1, 1, 12), 1, 'first', (2, 2), False, True)), ('atc2d', ((48, 96, (3, 3), 1, 1, 1, 24), 1, 'first', (2, 2), False, True)), ('atc2d', ((96, 96, (3, 3), 1, 0, 1, 48), 1, None, None, 'relu', False)), ('atc2d', ((96, 96, (3, 3), 1, 0, 1, 96), 1, None, None, 'relu', False)), ('adptavgpool', (1, 1)), ('linear', (96, 10, (1, 2, 3))), ('softmax', 1)]","{'epoch0': 1.5273988927602768, 'epoch1': 1.4812135721445083, 'epoch2': 1.4774871579408646, 'epoch3': 1.4718053978681565, 'epoch4': 1.4708311339616775, 'epoch5': 1.4679143269062043, 'epoch6': 1.4675448634624482, 'epoch7': 1.4656527446508407, 'epoch8': 1.4653283227682115, 'epoch9': 1.4645189685821534}",0.9842,0.9885,0.9897,0.9925,0.9928,0.9944,0.9931,0.9948,0.9946,0.9951,,,,,,,,,,,,,,,,,,,,,,
02/14/2023 18:26,mnist,60,100,10,0.001,CE,Adam,multistep3,"[('cnn2d', ((1, 12, (7, 7), 1, 3, 1, 1), 1, None, None, False, False)), ('atc2d', ((12, 24, (3, 3), 1, 1, 1, 6), 1, None, None, False, True)), ('atc2d', ((24, 48, (3, 3), 1, 1, 1, 12), 1, 'first', (2, 2), False, True)), ('atc2d', ((48, 96, (3, 3), 1, 1, 1, 24), 1, 'first', (2, 2), False, True)), ('atc2d', ((96, 96, (3, 3), 1, 0, 1, 48), 1, None, None, False, False)), ('atc2d', ((96, 96, (3, 3), 1, 0, 1, 96), 1, None, None, False, False)), ('adptavgpool', (1, 1)), ('linear', (96, 10, (1, 2, 3))), ('softmax', 1)]","{'epoch0': 1.5192008616924286, 'epoch1': 1.4810655783414841, 'epoch2': 1.4781796824932099, 'epoch3': 1.4715053342580795, 'epoch4': 1.4714208899736405, 'epoch5': 1.4679112111330033, 'epoch6': 1.4674448708295822, 'epoch7': 1.4655376032590866, 'epoch8': 1.465306848883629, 'epoch9': 1.4643250874280929}",0.9787,0.9832,0.9874,0.9899,0.99,0.9922,0.9953,0.9945,0.9938,0.9942,,,,,,,,,,,,,,,,,,,,,,
02/14/2023 18:14,mnist,60,100,10,0.001,CE,Adam,multistep3,"[('atc2d', ((1, 12, (3, 3), 1, 3, 1, 1), 1, None, None, False, False)), ('atc2d', ((12, 24, (3, 3), 1, 1, 1, 6), 1, None, None, False, True)), ('atc2d', ((24, 48, (3, 3), 1, 1, 1, 12), 1, 'first', (2, 2), False, True)), ('atc2d', ((48, 96, (3, 3), 1, 1, 1, 24), 1, 'first', (2, 2), False, True)), ('atc2d', ((96, 192, (3, 3), 1, 0, 1, 48), 1, None, None, False, False)), ('atc2d', ((192, 192, (3, 3), 1, 0, 1, 96), 1, None, None, False, False)), ('atc2d', ((192, 192, (3, 3), 1, 0, 1, 96), 1, None, None, False, False)), ('adptavgpool', (1, 1)), ('linear', (192, 10, (1, 2, 3))), ('softmax', 1)]","{'epoch0': 1.5100400569438934, 'epoch1': 1.4831804881095887, 'epoch2': 1.4809560036659242, 'epoch3': 1.4738484320640564, 'epoch4': 1.4733150613307953, 'epoch5': 1.468488813996315, 'epoch6': 1.4683455214500427, 'epoch7': 1.4661404045820237, 'epoch8': 1.4658754031658172, 'epoch9': 1.4645501779317855}",0.9862,0.9764,0.9707,0.9892,0.9894,0.9903,0.9919,0.9924,0.9933,0.9941,,,,,,,,,,,,,,,,,,,,,,
02/14/2023 18:25,mnist,60,100,10,0.001,CE,Adam,multistep3,"[('cnn2d', ((1, 16, (7, 7), 1, 3, 1, 1), 1, None, None, False, False)), ('atc2d', ((16, 32, (3, 3), 1, 1, 1, 8), 1, None, None, False, True)), ('atc2d', ((32, 64, (3, 3), 1, 1, 1, 16), 1, 'first', (2, 2), False, True)), ('atc2d', ((64, 128, (3, 3), 1, 1, 1, 32), 1, 'first', (2, 2), False, True)), ('cnn2d', ((128, 128, (3, 3), 1, 0, 1, 64), 1, None, None, 'relu', False)), ('cnn2d', ((128, 128, (3, 3), 1, 0, 1, 128), 1, None, None, 'relu', False)), ('adptavgpool', (1, 1)), ('linear', (128, 10, (1, 2, 3))), ('softmax', 1)]","{'epoch0': 1.545047886133194, 'epoch1': 1.479151210308075, 'epoch2': 1.4753975335359573, 'epoch3': 1.4706558946371078, 'epoch4': 1.4699173127412797, 'epoch5': 1.467748015999794, 'epoch6': 1.4673298996686936, 'epoch7': 1.465634831428528, 'epoch8': 1.4653277455568314, 'epoch9': 1.4649444872140884}",0.9866,0.9913,0.9889,0.9906,0.993,0.9945,0.9947,0.9944,0.9948,0.9952,,,,,,,,,,,,,,,,,,,,,,
02/14/2023 18:39,mnist,120,100,10,0.001,CE,Adam,multistep3,"[('cnn2d', ((1, 12, (7, 7), 1, 3, 1, 1), 1, None, None, False, False)), ('atc2d', ((12, 24, (3, 3), 1, 1, 1, 6), 1, None, None, False, True)), ('atc2d', ((24, 48, (3, 3), 1, 1, 1, 12), 1, 'first', (2, 2), False, True)), ('atc2d', ((48, 96, (3, 3), 1, 1, 1, 24), 1, 'first', (2, 2), False, True)), ('atc2d', ((96, 96, (3, 3), 1, 0, 1, 48), 1, None, None, False, False)), ('atc2d', ((96, 96, (3, 3), 1, 0, 1, 96), 1, None, None, False, False)), ('adptavgpool', (1, 1)), ('linear', (96, 10, (1, 2, 3))), ('softmax', 1)]","{'epoch0': 1.5338827745914458, 'epoch1': 1.4794649078845978, 'epoch2': 1.4757110087871552, 'epoch3': 1.470515236377716, 'epoch4': 1.4694046545028687, 'epoch5': 1.4666799528598786, 'epoch6': 1.4658044922351836, 'epoch7': 1.464554911851883, 'epoch8': 1.4642571821212769, 'epoch9': 1.4636634476184844}",0.9769,0.981,0.989,0.9914,0.9927,0.9929,0.9925,0.9945,0.9931,0.9947,,,,,,,,,,,,,,,,,,,,,,
02/14/2023 18:40,mnist,120,100,10,0.001,CE,Adam,multistep3,"[('cnn2d', ((1, 12, (7, 7), 1, 3, 1, 1), 1, None, None, False, False)), ('atc2d', ((12, 24, (3, 3), 1, 1, 1, 6), 1, None, None, False, True)), ('atc2d', ((24, 48, (3, 3), 1, 1, 1, 12), 1, 'first', (2, 2), False, True)), ('atc2d', ((48, 96, (3, 3), 1, 1, 1, 24), 1, 'first', (2, 2), False, True)), ('atc2d', ((96, 96, (3, 3), 1, 0, 1, 48), 1, None, None, 'relu', False)), ('atc2d', ((96, 96, (3, 3), 1, 0, 1, 96), 1, None, None, 'relu', False)), ('adptavgpool', (1, 1)), ('linear', (96, 10, (1, 2, 3))), ('softmax', 1)]","{'epoch0': 1.5496462435722351, 'epoch1': 1.4796339890956878, 'epoch2': 1.4763252215385436, 'epoch3': 1.4702495675086975, 'epoch4': 1.4691868271827697, 'epoch5': 1.4666283497810364, 'epoch6': 1.4662669260501862, 'epoch7': 1.4647357552051543, 'epoch8': 1.4643555731773377, 'epoch9': 1.4638752632141114}",0.9744,0.9884,0.9653,0.9931,0.9915,0.9932,0.9937,0.9937,0.9949,0.9954,,,,,,,,,,,,,,,,,,,,,,
02/14/2023 18:47,mnist,120,100,10,0.001,CE,Adam,multistep3,"[('cnn2d', ((1, 16, (7, 7), 1, 3, 1, 1), 1, None, None, False, False)), ('atc2d', ((16, 32, (3, 3), 1, 1, 1, 8), 1, None, None, False, True)), ('atc2d', ((32, 64, (3, 3), 1, 1, 1, 16), 1, 'first', (2, 2), False, True)), ('atc2d', ((64, 128, (3, 3), 1, 1, 1, 32), 1, 'first', (2, 2), False, True)), ('cnn2d', ((128, 128, (3, 3), 1, 0, 1, 64), 1, None, None, 'relu', False)), ('cnn2d', ((128, 128, (3, 3), 1, 0, 1, 128), 1, None, None, 'relu', False)), ('adptavgpool', (1, 1)), ('linear', (128, 10, (1, 2, 3))), ('softmax', 1)]","{'epoch0': 1.5753643536567687, 'epoch1': 1.4796810562610627, 'epoch2': 1.475300719499588, 'epoch3': 1.47033549284935, 'epoch4': 1.4694837241172791, 'epoch5': 1.4670642955303193, 'epoch6': 1.4665530610084534, 'epoch7': 1.465348413705826, 'epoch8': 1.46507342505455, 'epoch9': 1.4644908366203309}",0.9831,0.9848,0.9896,0.9928,0.9933,0.9944,0.9941,0.9956,0.9952,0.9953,,,,,,,,,,,,,,,,,,,,,,
02/14/2023 18:43,mnist,120,100,10,0.001,CE,Adam,multistep3,"[('atc2d', ((1, 12, (3, 3), 1, 3, 1, 1), 1, None, None, False, False)), ('atc2d', ((12, 24, (3, 3), 1, 1, 1, 6), 1, None, None, False, True)), ('atc2d', ((24, 48, (3, 3), 1, 1, 1, 12), 1, 'first', (2, 2), False, True)), ('atc2d', ((48, 96, (3, 3), 1, 1, 1, 24), 1, 'first', (2, 2), False, True)), ('atc2d', ((96, 192, (3, 3), 1, 0, 1, 48), 1, None, None, False, False)), ('atc2d', ((192, 192, (3, 3), 1, 0, 1, 96), 1, None, None, False, False)), ('atc2d', ((192, 192, (3, 3), 1, 0, 1, 96), 1, None, None, False, False)), ('adptavgpool', (1, 1)), ('linear', (192, 10, (1, 2, 3))), ('softmax', 1)]","{'epoch0': 1.5159954032897949, 'epoch1': 1.4812382402420043, 'epoch2': 1.4776606631278992, 'epoch3': 1.471154535293579, 'epoch4': 1.470706850528717, 'epoch5': 1.467672080039978, 'epoch6': 1.4668349235057832, 'epoch7': 1.4653699831962586, 'epoch8': 1.464906495332718, 'epoch9': 1.464198157787323}",0.9742,0.9827,0.9827,0.9902,0.9897,0.9921,0.9917,0.9933,0.9915,0.9935,,,,,,,,,,,,,,,,,,,,,,
02/14/2023 19:00,mnist,120,100,13,0.001,CE,Adam,multistep3,"[('cnn2d', ((1, 16, (7, 7), 1, 3, 1, 1), 1, None, None, False, False)), ('atc2d', ((16, 32, (3, 3), 1, 1, 1, 8), 1, None, None, False, True)), ('atc2d', ((32, 64, (3, 3), 1, 1, 1, 16), 1, 'first', (2, 2), False, True)), ('atc2d', ((64, 128, (3, 3), 1, 1, 1, 32), 1, 'first', (2, 2), False, True)), ('atc2d', ((128, 128, (3, 3), 1, 0, 1, 64), 1, None, None, 'relu', False)), ('atc2d', ((128, 128, (3, 3), 1, 0, 1, 128), 1, None, None, 'relu', False)), ('adptavgpool', (1, 1)), ('linear', (128, 10, (1, 2, 3))), ('softmax', 1)]","{'epoch0': 1.5367329969406127, 'epoch1': 1.4792559843063355, 'epoch2': 1.4759249358177184, 'epoch3': 1.4706964149475097, 'epoch4': 1.4698626668453216, 'epoch5': 1.4695977172851562, 'epoch6': 1.4666288690567018, 'epoch7': 1.4658814635276793, 'epoch8': 1.4658705098628997, 'epoch9': 1.4642959060668945, 'epoch10': 1.4639506535530091, 'epoch11': 1.4638002941608428, 'epoch12': 1.4632401142120361}",0.9824,0.9866,0.9812,0.9883,0.9918,0.9926,0.9937,0.9925,0.9939,0.9936,0.9948,0.9958,0.9955,,,,,,,,,,,,,,,,,,,
02/14/2023 19:10,mnist,120,100,13,0.001,CE,Adam,multistep3,"[('cnn2d', ((1, 16, (7, 7), 1, 3, 1, 1), 1, None, None, False, False)), ('atc2d', ((16, 32, (3, 3), 1, 1, 1, 8), 1, None, None, False, True)), ('atc2d', ((32, 64, (3, 3), 1, 1, 1, 16), 1, 'first', (2, 2), False, True)), ('atc2d', ((64, 96, (3, 3), 1, 1, 1, 32), 1, 'first', (2, 2), False, True)), ('atc2d', ((96, 128, (3, 3), 1, 0, 1, 32), 1, None, None, False, False)), ('atc2d', ((128, 128, (3, 3), 1, 0, 1, 64), 1, None, None, False, False)), ('adptavgpool', (1, 1)), ('linear', (128, 10, (1, 2, 3))), ('softmax', 1)]","{'epoch0': 1.53006281709671, 'epoch1': 1.479165644645691, 'epoch2': 1.476343610048294, 'epoch3': 1.4705987401008607, 'epoch4': 1.4697062160968781, 'epoch5': 1.4693885798454285, 'epoch6': 1.4667737312316895, 'epoch7': 1.466033621788025, 'epoch8': 1.465932847738266, 'epoch9': 1.4644623942375183, 'epoch10': 1.4641123402118683, 'epoch11': 1.4640017561912537, 'epoch12': 1.463361726284027}",0.9813,0.9845,0.9861,0.9918,0.9914,0.9913,0.9942,0.9944,0.993,0.9945,0.9956,0.9942,0.995,,,,,,,,,,,,,,,,,,,
02/14/2023 19:08,mnist,120,100,13,0.001,CE,Adam,multistep3,"[('cnn2d', ((1, 16, (7, 7), 1, 3, 1, 1), 1, None, None, False, False)), ('atc2d', ((16, 32, (3, 3), 1, 1, 1, 8), 1, None, None, False, True)), ('atc2d', ((32, 64, (3, 3), 1, 1, 1, 16), 1, 'first', (2, 2), False, True)), ('atc2d', ((64, 128, (3, 3), 1, 1, 1, 32), 1, 'first', (2, 2), False, True)), ('cnn2d', ((128, 128, (3, 3), 1, 0, 1, 64), 1, None, None, 'relu', False)), ('cnn2d', ((128, 128, (3, 3), 1, 0, 1, 128), 1, None, None, 'relu', False)), ('adptavgpool', (1, 1)), ('linear', (128, 10, (1, 2, 3))), ('softmax', 1)]","{'epoch0': 1.5829783656597138, 'epoch1': 1.479026847600937, 'epoch2': 1.4749741055965424, 'epoch3': 1.4700003199577332, 'epoch4': 1.469286892414093, 'epoch5': 1.4688106005191803, 'epoch6': 1.4664828567504882, 'epoch7': 1.466173585176468, 'epoch8': 1.4660160088539123, 'epoch9': 1.4649807934761048, 'epoch10': 1.4645280010700226, 'epoch11': 1.4646351037025451, 'epoch12': 1.4640179796218873}",0.9893,0.9886,0.9856,0.9937,0.9929,0.991,0.9943,0.9947,0.9934,0.9949,0.9951,0.9947,0.995,,,,,,,,,,,,,,,,,,,
02/14/2023 19:20,mnist,120,100,13,0.001,CE,Adam,multistep3,"[('atc2d', ((1, 12, (3, 3), 1, 3, 1, 1), 1, None, None, False, False)), ('atc2d', ((12, 24, (3, 3), 1, 1, 1, 1), 1, None, None, False, True)), ('atc2d', ((24, 48, (3, 3), 1, 1, 1, 1), 1, 'first', (2, 2), False, True)), ('atc2d', ((48, 96, (3, 3), 1, 1, 1, 1), 1, 'first', (2, 2), False, True)), ('atc2d', ((96, 192, (3, 3), 1, 0, 1, 1), 1, None, None, False, False)), ('atc2d', ((192, 384, (3, 3), 1, 0, 1, 1), 1, None, None, False, False)), ('adptavgpool', (1, 1)), ('linear', (384, 10, (1, 2, 3))), ('softmax', 1)]","{'epoch0': 1.510596156358719, 'epoch1': 1.4836241345405579, 'epoch2': 1.4801890532970428, 'epoch3': 1.4730875132083894, 'epoch4': 1.4717383213043214, 'epoch5': 1.4710947725772858, 'epoch6': 1.4679466817378999, 'epoch7': 1.4668955020904542, 'epoch8': 1.466734988451004, 'epoch9': 1.4646816494464874, 'epoch10': 1.4642859213352204, 'epoch11': 1.4644363481998444, 'epoch12': 1.4635137906074525}",0.9794,0.9819,0.9838,0.9898,0.989,0.9864,0.9921,0.99,0.9917,0.9928,0.9926,0.9928,0.993,,,,,,,,,,,,,,,,,,,
02/14/2023 19:50,mnist,120,100,13,0.001,CE,Adam,multistep3,"[('cnn2d', ((1, 16, (7, 7), 1, 3, 1, 1), 1, None, None, 'relu', False)), ('atc2d', ((16, 32, (3, 3), 1, 1, 1, 8), 1, None, None, 'relu', True)), ('atc2d', ((32, 64, (3, 3), 1, 1, 1, 16), 1, 'first', (2, 2), 'relu', True)), ('atc2d', ((64, 96, (3, 3), 1, 1, 1, 32), 1, 'first', (2, 2), 'relu', True)), ('atc2d', ((96, 128, (3, 3), 1, 0, 1, 32), 1, None, None, 'relu', False)), ('atc2d', ((128, 128, (3, 3), 1, 0, 1, 64), 1, None, None, 'relu', False)), ('adptavgpool', (1, 1)), ('linear', (128, 10, (1, 2, 3))), ('softmax', 1)]","{'epoch0': 1.540784605026245, 'epoch1': 1.4868458425998687, 'epoch2': 1.4818042559623719, 'epoch3': 1.4751777007579803, 'epoch4': 1.475045281648636, 'epoch5': 1.4747927408218384, 'epoch6': 1.4711630210876465, 'epoch7': 1.4710880246162414, 'epoch8': 1.4709206354618072, 'epoch9': 1.4691168792247773, 'epoch10': 1.4687297019958496, 'epoch11': 1.468298995256424, 'epoch12': 1.467680478811264}",0.9847,0.9887,0.9875,0.9939,0.9927,0.9925,0.9941,0.994,0.9933,0.9944,0.9943,0.9951,0.9949,,,,,,,,,,,,,,,,,,,
02/14/2023 19:49,mnist,120,100,13,0.001,CE,Adam,multistep3,"[('cnn2d', ((1, 16, (7, 7), 1, 3, 1, 1), 1, None, None, 'relu', False)), ('atc2d', ((16, 32, (3, 3), 1, 1, 1, 8), 1, None, None, 'relu', True)), ('atc2d', ((32, 64, (3, 3), 1, 1, 1, 16), 1, 'first', (2, 2), 'relu', True)), ('atc2d', ((64, 128, (3, 3), 1, 1, 1, 32), 1, 'first', (2, 2), 'relu', True)), ('atc2d', ((128, 128, (3, 3), 1, 0, 1, 64), 1, None, None, 'relu', False)), ('atc2d', ((128, 128, (3, 3), 1, 0, 1, 128), 1, None, None, 'relu', False)), ('adptavgpool', (1, 1)), ('linear', (128, 10, (1, 2, 3))), ('softmax', 1)]","{'epoch0': 1.5365011098384858, 'epoch1': 1.4857163934707642, 'epoch2': 1.4820782933235168, 'epoch3': 1.4753924090862274, 'epoch4': 1.4742823090553283, 'epoch5': 1.4744647302627563, 'epoch6': 1.470713041782379, 'epoch7': 1.471238976240158, 'epoch8': 1.470531531572342, 'epoch9': 1.4690467045307158, 'epoch10': 1.4688740227222443, 'epoch11': 1.4684112436771393, 'epoch12': 1.4675866265296935}",0.9696,0.9876,0.9891,0.9927,0.9919,0.9924,0.9938,0.9927,0.9941,0.9944,0.9956,0.9952,0.9955,,,,,,,,,,,,,,,,,,,
02/14/2023 21:13,mnist,120,100,15,0.001,CE,Adam,multistep3,"[('cnn2d', ((1, 16, (7, 7), 1, 3, 1, 1), 1, None, None, 'relu', False)), ('atc2d', ((16, 32, (3, 3), 1, 1, 1, 8), 1, None, None, 'relu', True)), ('atc2d', ((32, 64, (3, 3), 1, 1, 1, 16), 1, 'first', (2, 2), 'relu', True)), ('atc2d', ((64, 128, (3, 3), 1, 1, 1, 32), 1, 'first', (2, 2), 'relu', True)), ('cnn2d', ((128, 128, (3, 3), 1, 0, 1, 64), 1, None, None, 'relu', False)), ('cnn2d', ((128, 128, (3, 3), 1, 0, 1, 128), 1, None, None, 'relu', False)), ('adptavgpool', (1, 1)), ('linear', (128, 10, (1, 2, 3))), ('softmax', 1)]","{'epoch0': 1.575553501367569, 'epoch1': 1.487400558233261, 'epoch2': 1.4812667531967163, 'epoch3': 1.47594100522995, 'epoch4': 1.475255904197693, 'epoch5': 1.4746154348850251, 'epoch6': 1.471909295797348, 'epoch7': 1.4712958416938782, 'epoch8': 1.4709169459342957, 'epoch9': 1.4697360229492187, 'epoch10': 1.469536507129669, 'epoch11': 1.4692493801116944, 'epoch12': 1.4681914019584656, 'epoch13': 1.4683558130264283, 'epoch14': 1.4682749953269958}",0.9844,0.9882,0.9915,0.9929,0.9928,0.9936,0.9944,0.9928,0.995,0.996,0.9953,0.9955,0.9958,0.9954,0.9959,,,,,,,,,,,,,,,,,
02/14/2023 21:58,mnist,120,100,15,0.001,CE,Adam,multistep3,"[('cnn2d', ((1, 16, (7, 7), 1, 3, 1, 1), 1, None, None, 'relu', False)), ('atc2d', ((16, 32, (3, 3), 1, 1, 1, 16), 1, None, None, 'relu', True)), ('atc2d', ((32, 64, (3, 3), 1, 1, 1, 16), 1, 'first', (2, 2), 'relu', True)), ('atc2d', ((64, 128, (3, 3), 1, 1, 1, 16), 1, 'first', (2, 2), 'relu', True)), ('cnn2d', ((128, 128, (3, 3), 1, 0, 1, 16), 1, None, None, 'relu', False)), ('cnn2d', ((128, 128, (3, 3), 1, 0, 1, 16), 1, None, None, 'relu', False)), ('adptavgpool', (1, 1)), ('linear', (128, 10, (1, 2, 3))), ('softmax', 1)]","{'epoch0': 1.5684523134231567, 'epoch1': 1.486560912847519, 'epoch2': 1.4818819890022277, 'epoch3': 1.475751416683197, 'epoch4': 1.4745620486736297, 'epoch5': 1.473874885559082, 'epoch6': 1.4718418459892273, 'epoch7': 1.4709178023338318, 'epoch8': 1.4711510117053985, 'epoch9': 1.469943351507187, 'epoch10': 1.4691920158863068, 'epoch11': 1.4687004215717316, 'epoch12': 1.46823100233078, 'epoch13': 1.4677043533325196, 'epoch14': 1.4679193742275238}",0.9876,0.9699,0.9918,0.993,0.9902,0.99,0.9954,0.9941,0.9946,0.9958,0.9948,0.9958,0.9962,0.9956,0.9955,,,,,,,,,,,,,,,,,
02/14/2023 22:03,mnist,120,100,15,0.001,CE,Adam,multistep3,"[('cnn2d', ((1, 16, (7, 7), 1, 3, 1, 1), 1, None, None, 'relu', False)), ('atc2d', ((16, 32, (3, 3), 1, 1, 1, 8), 1, None, None, 'relu', True)), ('atc2d', ((32, 64, (3, 3), 1, 1, 1, 16), 1, 'first', (2, 2), 'relu', True)), ('atc2d', ((64, 128, (3, 3), 1, 1, 1, 32), 1, 'first', (2, 2), 'relu', True)), ('cnn2d', ((128, 128, (3, 3), 1, 0, 1, 64), 1, None, None, 'relu', False)), ('cnn2d', ((128, 128, (3, 3), 1, 0, 1, 128), 1, None, None, 'relu', False)), ('adptavgpool', (1, 1)), ('linear', (128, 10, (1, 2, 3))), ('softmax', 1)]","{'epoch0': 1.5824547164440155, 'epoch1': 1.4870220110416412, 'epoch2': 1.4820829627513885, 'epoch3': 1.4758560974597932, 'epoch4': 1.4747964658737183, 'epoch5': 1.4744445087909699, 'epoch6': 1.4720530166625976, 'epoch7': 1.4714712789058686, 'epoch8': 1.471374570131302, 'epoch9': 1.4697658843994141, 'epoch10': 1.4697245864868165, 'epoch11': 1.469272224664688, 'epoch12': 1.4688356778621674, 'epoch13': 1.4686619646549224, 'epoch14': 1.4682902364730834}",0.9808,0.989,0.9893,0.9937,0.993,0.9943,0.9946,0.995,0.9954,0.9947,0.9949,0.9946,0.9954,0.9958,0.9955,,,,,,,,,,,,,,,,,
02/14/2023 21:59,mnist,120,100,13,0.001,CE,Adam,multistep3,"[('cnn2d', ((1, 16, (7, 7), 1, 3, 1, 1), 1, None, None, False, False)), ('atc2d', ((16, 32, (3, 3), 1, 1, 1, 8), 1, None, None, False, True)), ('atc2d', ((32, 64, (3, 3), 1, 1, 1, 16), 1, None, None, False, True)), ('atc2d', ((64, 128, (3, 3), 1, 1, 1, 32), 1, 'first', (2, 2), False, True)), ('cnn2d', ((128, 128, (3, 3), 1, 0, 1, 64), 1, None, None, 'relu', False)), ('cnn2d', ((128, 128, (3, 3), 1, 0, 1, 128), 1, None, None, 'relu', False)), ('adptavgpool', (1, 1)), ('linear', (128, 10, (1, 2, 3))), ('softmax', 1)]","{'epoch0': 1.684277506828308, 'epoch1': 1.502384927511215, 'epoch2': 1.4935232377052308, 'epoch3': 1.4841955678462981, 'epoch4': 1.4832909717559815, 'epoch5': 1.4820997924804689, 'epoch6': 1.4783809084892272, 'epoch7': 1.4779388284683228, 'epoch8': 1.4770948202610017, 'epoch9': 1.4751080453395844, 'epoch10': 1.475001029729843, 'epoch11': 1.4742789406776429}",0.9812,0.984,0.9852,0.9908,0.9907,0.9903,0.9926,0.9927,0.9928,0.9943,0.9944,0.9945,,,,,,,,,,,,,,,,,,,,
02/14/2023 22:45,mnist,120,100,13,0.001,CE,Adam,multistep3,"[('cnn2d', ((1, 16, (7, 7), 1, 3, 1, 1), 1, None, None, 'relu', False)), ('atc2d', ((16, 32, (3, 3), 1, 1, 1, 16), 1, None, None, 'relu', True)), ('atc2d', ((32, 64, (3, 3), 1, 1, 1, 16), 1, None, None, 'relu', True)), ('atc2d', ((64, 96, (3, 3), 1, 1, 1, 16), 1, 'first', (2, 2), 'relu', True)), ('atc2d', ((96, 128, (3, 3), 1, 1, 1, 16), 1, 'first', (2, 2), 'relu', True)), ('cnn2d', ((128, 128, (3, 3), 1, 1, 1, 16), 1, None, None, 'relu', False)), ('cnn2d', ((128, 128, (3, 3), 1, 0, 1, 16), 1, None, None, False, False)), ('adptavgpool', (1, 1)), ('linear', (128, 10, (1, 2, 3))), ('softmax', 1)]","{'epoch0': 1.5454563879966736, 'epoch1': 1.4864782733917237, 'epoch2': 1.481843159675598, 'epoch3': 1.4756788225173951, 'epoch4': 1.4748113379478454, 'epoch5': 1.4743924243450164, 'epoch6': 1.4716625392436982, 'epoch7': 1.4704593186378478, 'epoch8': 1.4702819852828979, 'epoch9': 1.4690258078575134, 'epoch10': 1.4685358366966248, 'epoch11': 1.4685714814662933, 'epoch12': 1.467723573923111}",0.9704,0.9811,0.986,0.9931,0.9925,0.9872,0.9954,0.9941,0.9946,0.996,0.9954,0.9955,0.9955,,,,,,,,,,,,,,,,,,,
02/14/2023 22:55,mnist,120,100,13,0.001,CE,Adam,multistep3,"[('cnn2d', ((1, 16, (7, 7), 1, 3, 1, 1), 1, None, None, 'relu', False)), ('atc2d', ((16, 32, (3, 3), 1, 1, 1, 16), 1, None, None, 'relu', True)), ('atc2d', ((32, 64, (3, 3), 1, 1, 1, 16), 1, 'first', (2, 2), 'relu', True)), ('atc2d', ((64, 128, (3, 3), 1, 1, 1, 16), 1, 'first', (2, 2), 'relu', True)), ('cnn2d', ((128, 128, (5, 5), 1, 1, 1, 16), 1, None, None, 'relu', False)), ('cnn2d', ((128, 128, (5, 5), 1, 1, 1, 16), 1, None, None, False, False)), ('adptavgpool', (1, 1)), ('linear', (128, 10, (1, 2, 3))), ('softmax', 1)]","{'epoch0': 1.4766909790039062, 'epoch1': 1.4756781356334687, 'epoch2': 1.4748443510532379, 'epoch3': 1.4711230654716492, 'epoch4': 1.470534829378128, 'epoch5': 1.4705924603939056, 'epoch6': 1.468662847995758, 'epoch7': 1.4684113149642943, 'epoch8': 1.4678794691562653, 'epoch9': 1.4668448486328125, 'epoch10': 1.4666495351791382, 'epoch11': 1.4666344304084777, 'epoch12': 1.4661580364704132}",0.9854,0.9931,0.99,0.9957,0.9949,0.9947,0.9959,0.9945,0.9953,0.9956,0.9953,0.9955,0.996,,,,,,,,,,,,,,,,,,,
02/14/2023 23:55,mnist,120,100,15,0.001,CE,Adam,multistep3,"[('cnn2d', ((1, 16, (9, 9), 1, 4, 1, 1), 1, None, None, 'relu', False)), ('atc2d', ((16, 32, (3, 3), 1, 1, 1, 16), 1, None, None, 'relu', True)), ('atc2d', ((32, 64, (3, 3), 1, 1, 1, 16), 1, None, None, 'relu', True)), ('atc2d', ((64, 96, (3, 3), 1, 1, 1, 16), 1, 'first', (2, 2), 'relu', True)), ('atc2d', ((96, 128, (3, 3), 1, 1, 1, 16), 1, 'first', (2, 2), 'relu', True)), ('cnn2d', ((128, 128, (3, 3), 1, 1, 1, 16), 1, None, None, 'relu', False)), ('cnn2d', ((128, 128, (3, 3), 1, 0, 1, 16), 1, None, None, False, False)), ('adptavgpool', (1, 1)), ('linear', (128, 10, (1, 2, 3))), ('softmax', 1)]","{'epoch0': 1.5455328795909882, 'epoch1': 1.4882178201675416, 'epoch2': 1.4828158431053162, 'epoch3': 1.4764132206439973, 'epoch4': 1.4750334460735322, 'epoch5': 1.4752120299339295, 'epoch6': 1.4714216220378875, 'epoch7': 1.4710942223072052, 'epoch8': 1.4710381724834443, 'epoch9': 1.4692721145153045, 'epoch10': 1.4690896317958833, 'epoch11': 1.4685724430084228, 'epoch12': 1.4676628971099854, 'epoch13': 1.467334976911545, 'epoch14': 1.467447940826416}",0.9727,0.9804,0.9845,0.9895,0.9919,0.9924,0.9951,0.9951,0.9947,0.995,0.9958,0.9953,0.9953,0.996,0.9959,,,,,,,,,,,,,,,,,
02/14/2023 23:56,mnist,120,100,15,0.001,CE,Adam,multistep3,"[('cnn2d', ((1, 16, (7, 7), 1, 3, 1, 1), 1, None, None, 'relu', False)), ('atc2d', ((16, 32, (3, 3), 1, 1, 1, 16), 1, None, None, 'relu', True)), ('atc2d', ((32, 64, (3, 3), 1, 1, 1, 16), 1, 'first', (2, 2), 'relu', True)), ('atc2d', ((64, 128, (3, 3), 1, 1, 1, 16), 1, 'first', (2, 2), 'relu', True)), ('cnn2d', ((128, 128, (5, 5), 1, 1, 1, 16), 1, None, None, 'relu', False)), ('cnn2d', ((128, 128, (5, 5), 1, 1, 1, 16), 1, None, None, False, False)), ('adptavgpool', (1, 1)), ('linear', (128, 10, (1, 2, 3))), ('softmax', 1)]","{'epoch0': 1.475494673013687, 'epoch1': 1.4757192454338073, 'epoch2': 1.474925627708435, 'epoch3': 1.4707235758304595, 'epoch4': 1.4702723479270936, 'epoch5': 1.4707891571521758, 'epoch6': 1.4685129170417786, 'epoch7': 1.4679664659500122, 'epoch8': 1.4678531947135924, 'epoch9': 1.4668949344158173, 'epoch10': 1.4665653278827668, 'epoch11': 1.466549664735794, 'epoch12': 1.4659021906852723, 'epoch13': 1.4657320926189423, 'epoch14': 1.4657712590694427}",0.9899,0.9932,0.9918,0.995,0.9948,0.9943,0.9955,0.9958,0.9956,0.996,0.9961,0.9951,0.9958,0.9962,0.9966,,,,,,,,,,,,,,,,,
02/15/2023 01:22,mnist,120,100,15,0.001,CE,Adam,multistep3,"[('cnn2d', ((1, 16, (7, 7), 1, 3, 1, 1), 1, None, None, 'relu', False)), ('atc2d', ((16, 32, (3, 3), 1, 1, 1, 16), 1, None, None, 'relu', True)), ('atc2d', ((32, 64, (3, 3), 1, 1, 1, 16), 1, 'first', (2, 2), 'relu', True)), ('atc2d', ((64, 128, (3, 3), 1, 1, 1, 16), 1, 'first', (2, 2), 'relu', True)), ('cnn2d', ((128, 128, (3, 3), 1, 0, 1, 16), 1, None, None, 'relu', False)), ('cnn2d', ((128, 128, (3, 3), 1, 0, 1, 16), 1, None, None, False, False)), ('adptavgpool', (1, 1)), ('linear', (128, 10, (1, 2, 3))), ('softmax', 1)]","{'epoch0': 1.537353387117386, 'epoch1': 1.4847854011058808, 'epoch2': 1.4813629665374757, 'epoch3': 1.4748252770900727, 'epoch4': 1.4745992722511292, 'epoch5': 1.4739875047206878, 'epoch6': 1.4713324453830718, 'epoch7': 1.4704081749916076, 'epoch8': 1.4705121221542359, 'epoch9': 1.469049486398697, 'epoch10': 1.4687141377925872, 'epoch11': 1.4685154962539673, 'epoch12': 1.4678544473648072, 'epoch13': 1.4675351014137268, 'epoch14': 1.4675256316661835}",0.9721,0.9859,0.9882,0.9921,0.992,0.9924,0.9946,0.9951,0.9935,0.9955,0.9955,0.9958,0.9958,0.9959,0.9954,,,,,,,,,,,,,,,,,
02/15/2023 01:03,mnist,120,100,15,0.001,CE,Adam,multistep3,"[('cnn2d', ((1, 16, (3, 3), 1, 1, 1, 1), 1, None, None, 'relu', False)), ('atc2d', ((16, 32, (3, 3), 1, 1, 1, 16), 1, None, None, 'relu', True)), ('atc2d', ((32, 64, (3, 3), 1, 1, 1, 16), 1, None, None, 'relu', True)), ('atc2d', ((64, 96, (3, 3), 1, 1, 1, 16), 1, 'first', (2, 2), 'relu', True)), ('atc2d', ((96, 128, (3, 3), 1, 1, 1, 16), 1, 'first', (2, 2), 'relu', True)), ('cnn2d', ((128, 128, (3, 3), 1, 1, 1, 16), 1, None, None, 'relu', False)), ('cnn2d', ((128, 128, (3, 3), 1, 0, 1, 16), 1, None, None, False, False)), ('adptavgpool', (1, 1)), ('linear', (128, 10, (1, 2, 3))), ('softmax', 1)]","{'epoch0': 1.5459780349731445, 'epoch1': 1.4846182425022125, 'epoch2': 1.4803839056491852, 'epoch3': 1.474710643529892, 'epoch4': 1.4737425363063812, 'epoch5': 1.4733321487903595, 'epoch6': 1.4706149318218231, 'epoch7': 1.4705284235477447, 'epoch8': 1.470246007680893, 'epoch9': 1.468716944694519, 'epoch10': 1.4681732165813446, 'epoch11': 1.4678258502483368, 'epoch12': 1.467232688188553, 'epoch13': 1.4669678280353546, 'epoch14': 1.466883552312851}",0.9856,0.9882,0.9887,0.9935,0.9934,0.9929,0.9955,0.9948,0.9947,0.9953,0.9962,0.9954,0.9961,0.9965,0.9965,,,,,,,,,,,,,,,,,
02/15/2023 01:41,mnist,120,100,15,0.001,CE,Adam,multistep3,"[('cnn2d', ((1, 20, (3, 3), 1, 1, 1, 1), 1, None, None, 'relu', False)), ('atc2d', ((20, 40, (3, 3), 1, 1, 1, 20), 1, None, None, 'relu', True)), ('atc2d', ((40, 80, (3, 3), 1, 1, 1, 20), 1, 'first', (2, 2), 'relu', True)), ('atc2d', ((80, 260, (3, 3), 1, 1, 1, 20), 1, 'first', (2, 2), 'relu', True)), ('cnn2d', ((260, 260, (3, 3), 1, 0, 1, 20), 1, None, None, 'relu', False)), ('cnn2d', ((260, 260, (3, 3), 1, 0, 1, 20), 1, None, None, False, False)), ('adptavgpool', (1, 1)), ('linear', (260, 10, (1, 2, 3))), ('softmax', 1)]","{'epoch0': 1.5188229129314423, 'epoch1': 1.4831051714420318, 'epoch2': 1.4786926743984223, 'epoch3': 1.4735548551082611, 'epoch4': 1.4729494466781616, 'epoch5': 1.4727515034675598, 'epoch6': 1.4705213975906373, 'epoch7': 1.4698791296482085, 'epoch8': 1.4695019295215608, 'epoch9': 1.4680927352905273, 'epoch10': 1.4675557613372803, 'epoch11': 1.467856858253479, 'epoch12': 1.4666105690002442, 'epoch13': 1.466607782125473, 'epoch14': 1.4662843112945556}",0.9852,0.9846,0.9863,0.9931,0.9945,0.9941,0.9941,0.9943,0.9943,0.9949,0.9947,0.9955,0.9957,0.9952,0.9963,,,,,,,,,,,,,,,,,
02/15/2023 01:43,mnist,120,100,20,0.001,CE,Adam,multistep3,"[('cnn2d', ((1, 16, (3, 3), 1, 1, 1, 1), 1, None, None, 'relu', False)), ('atc2d', ((16, 32, (3, 3), 1, 1, 1, 16), 1, None, None, 'relu', True)), ('atc2d', ((32, 64, (3, 3), 1, 1, 1, 16), 1, 'first', (2, 2), 'relu', True)), ('atc2d', ((64, 128, (3, 3), 1, 1, 1, 16), 1, 'first', (2, 2), 'relu', True)), ('cnn2d', ((128, 128, (5, 5), 1, 1, 1, 16), 1, None, None, 'relu', False)), ('cnn2d', ((128, 128, (5, 5), 1, 1, 1, 16), 1, None, None, False, False)), ('adptavgpool', (1, 1)), ('linear', (128, 10, (1, 2, 3))), ('softmax', 1)]","{'epoch0': 1.522972055196762, 'epoch1': 1.4820572638511658, 'epoch2': 1.4783166301250459, 'epoch3': 1.4735164108276366, 'epoch4': 1.4727131435871124, 'epoch5': 1.4721620140075684, 'epoch6': 1.469926795244217, 'epoch7': 1.4696388130187987, 'epoch8': 1.4692850425243378, 'epoch9': 1.4679976613521577, 'epoch10': 1.4675969760417937, 'epoch11': 1.4674622895717622, 'epoch12': 1.4669925351142883, 'epoch13': 1.4667008817195892, 'epoch14': 1.4666216917037964, 'epoch15': 1.4664808275699615, 'epoch16': 1.4663082139492034, 'epoch17': 1.4662723214626312, 'epoch18': 1.466286761522293, 'epoch19': 1.466024730682373}",0.9874,0.9913,0.9917,0.9929,0.9927,0.9932,0.9956,0.9956,0.995,0.9958,0.996,0.9956,0.9959,0.9958,0.9963,0.9962,0.9969,0.996,0.9962,0.9961,,,,,,,,,,,,
02/15/2023 08:53,mnist,120,100,15,0.001,CE,Adam,multistep3,"[('cnn2d', ((1, 16, (3, 3), 1, 1, 1, 1), 1, None, None, 'relu', False)), ('atc2d', ((16, 32, (3, 3), 1, 1, 1, 16), 1, None, None, 'relu', False)), ('atc2d', ((32, 64, (3, 3), 1, 1, 1, 16), 1, 'first', (2, 2), 'relu', False)), ('atc2d', ((64, 128, (3, 3), 1, 1, 1, 16), 1, 'first', (2, 2), 'relu', False)), ('cnn2d', ((128, 128, (3, 3), 1, 0, 1, 16), 1, None, None, 'relu', False)), ('cnn2d', ((128, 128, (3, 3), 1, 0, 1, 16), 1, None, None, False, False)), ('adptavgpool', (1, 1)), ('linear', (128, 10, (1, 2, 3))), ('softmax', 1)]","{'epoch0': 1.5355422184467316, 'epoch1': 1.4842328858375549, 'epoch2': 1.4797782034873963, 'epoch3': 1.474741583108902, 'epoch4': 1.4739168798923492, 'epoch5': 1.4734194757938386, 'epoch6': 1.4705570151805878, 'epoch7': 1.47042240357399, 'epoch8': 1.4703088824748993, 'epoch9': 1.4687305374145507, 'epoch10': 1.4687084021568297, 'epoch11': 1.4685106675624848, 'epoch12': 1.4678843910694122, 'epoch13': 1.4680392928123474, 'epoch14': 1.4675989654064179}",0.9839,0.9793,0.9894,0.994,0.9919,0.9951,0.9952,0.9956,0.9953,0.9961,0.9961,0.9965,0.9966,0.9964,0.9963,,,,,,,,,,,,,,,,,
02/15/2023 08:45,mnist,120,100,20,0.001,CE,Adam,multistep3,"[('cnn2d', ((1, 16, (3, 3), 1, 1, 1, 1), 1, None, None, 'relu', False)), ('atc2d', ((16, 32, (3, 3), 1, 1, 1, 16), 1, None, None, 'relu', True)), ('atc2d', ((32, 64, (3, 3), 1, 1, 1, 16), 1, 'first', (2, 2), 'relu', True)), ('atc2d', ((64, 128, (3, 3), 1, 1, 1, 16), 1, 'first', (2, 2), 'relu', True)), ('cnn2d', ((128, 128, (5, 5), 1, 1, 1, 16), 1, None, None, 'relu', False)), ('cnn2d', ((128, 128, (5, 5), 1, 0, 1, 16), 1, None, None, False, False)), ('adptavgpool', (1, 1)), ('linear', (128, 10, (1, 2, 3))), ('softmax', 1)]","{'epoch0': 1.5153745551109314, 'epoch1': 1.4823915717601777, 'epoch2': 1.4780472457408904, 'epoch3': 1.4729217603206635, 'epoch4': 1.471993982553482, 'epoch5': 1.471783584356308, 'epoch6': 1.4694432413578034, 'epoch7': 1.4691030611991882, 'epoch8': 1.4685592341423035, 'epoch9': 1.4670131487846374, 'epoch10': 1.466755373239517, 'epoch11': 1.4665429692268372, 'epoch12': 1.466106852054596, 'epoch13': 1.4657735376358032, 'epoch14': 1.4655926053524018, 'epoch15': 1.4657494435310363, 'epoch16': 1.4654345829486848, 'epoch17': 1.465540343284607, 'epoch18': 1.4654377179145812, 'epoch19': 1.4652445092201234}",0.9896,0.9898,0.9906,0.994,0.9933,0.9939,0.9948,0.9959,0.9948,0.9951,0.9957,0.9953,0.996,0.996,0.9962,0.9962,0.9962,0.9963,0.9961,0.9965,,,,,,,,,,,,
02/15/2023 08:44,mnist,120,100,20,0.001,CE,Adam,multistep3,"[('cnn2d', ((1, 20, (3, 3), 1, 1, 1, 1), 1, None, None, 'relu', False)), ('atc2d', ((20, 40, (3, 3), 1, 1, 1, 20), 1, None, None, 'relu', True)), ('atc2d', ((40, 80, (3, 3), 1, 1, 1, 20), 1, 'first', (2, 2), 'relu', True)), ('atc2d', ((80, 160, (3, 3), 1, 1, 1, 20), 1, 'first', (2, 2), 'relu', True)), ('cnn2d', ((160, 160, (3, 3), 1, 0, 1, 20), 1, None, None, 'relu', False)), ('cnn2d', ((160, 160, (3, 3), 1, 0, 1, 20), 1, None, None, False, False)), ('adptavgpool', (1, 1)), ('linear', (160, 10, (1, 2, 3))), ('softmax', 1)]","{'epoch0': 1.5327535178661347, 'epoch1': 1.4833570783138275, 'epoch2': 1.479328497648239, 'epoch3': 1.4736606016159057, 'epoch4': 1.4734670770168306, 'epoch5': 1.4730132913589478, 'epoch6': 1.4703644030094147, 'epoch7': 1.4702861905097961, 'epoch8': 1.4697747733592987, 'epoch9': 1.4684399163722992, 'epoch10': 1.4683826129436492, 'epoch11': 1.4679851987361907, 'epoch12': 1.4672181656360626, 'epoch13': 1.4668910689353942, 'epoch14': 1.46706649017334, 'epoch15': 1.4669600434303283, 'epoch16': 1.4665839862823487, 'epoch17': 1.466638010263443, 'epoch18': 1.466658094882965, 'epoch19': 1.46659015250206}",0.9887,0.9851,0.9904,0.9931,0.9926,0.9941,0.9944,0.9953,0.9956,0.9964,0.9962,0.9965,0.9968,0.9967,0.9968,0.9964,0.9968,0.9967,0.9969,0.9968,,,,,,,,,,,,
02/15/2023 09:38,mnist,120,100,15,0.001,CE,Adam,multistep3,"[('cnn2d', ((1, 16, (3, 3), 1, 1, 1, 1), 1, None, None, 'relu', False)), ('atc2d', ((16, 32, (3, 3), 1, 1, 1, 16), 1, None, None, 'relu', True)), ('atc2d', ((32, 64, (3, 3), 1, 1, 1, 16), 1, 'first', (2, 2), 'relu', True)), ('atc2d', ((64, 128, (3, 3), 1, 1, 1, 16), 1, 'first', (2, 2), 'relu', True)), ('cnn2d', ((128, 128, (3, 3), 1, 0, 1, 16), 1, None, None, 'relu', False)), ('cnn2d', ((128, 128, (3, 3), 1, 0, 1, 16), 1, None, None, 'relu', False)), ('linear', (1152, 10, (1, 2, 3))), ('softmax', 1)]","{'epoch0': 1.5214957988262177, 'epoch1': 1.481231422662735, 'epoch2': 1.4778277459144593, 'epoch3': 1.473084980726242, 'epoch4': 1.471988652229309, 'epoch5': 1.4718032438755035, 'epoch6': 1.4693565819263459, 'epoch7': 1.4691481935977935, 'epoch8': 1.469133043527603, 'epoch9': 1.4678676149845122, 'epoch10': 1.467498081445694, 'epoch11': 1.4674479761123658, 'epoch12': 1.4666832571029662, 'epoch13': 1.466529676914215, 'epoch14': 1.4662920651435851}",0.9876,0.987,0.9907,0.9938,0.9921,0.994,0.9953,0.9946,0.9953,0.996,0.9954,0.9961,0.9962,0.9959,0.9958,,,,,,,,,,,,,,,,,
02/15/2023 09:37,mnist,120,100,20,0.001,CE,Adam,multistep3,"[('cnn2d', ((1, 16, (3, 3), 1, 1, 1, 1), 1, None, None, 'relu', False)), ('atc2d', ((16, 32, (3, 3), 1, 1, 1, 16), 1, None, None, 'relu', True)), ('atc2d', ((32, 64, (3, 3), 1, 1, 1, 16), 1, 'first', (2, 2), 'relu', True)), ('atc2d', ((64, 128, (3, 3), 1, 1, 1, 16), 1, 'first', (2, 2), 'relu', True)), ('atc2d', ((128, 128, (3, 3), 1, 0, 1, 16), 1, None, None, 'relu', False)), ('cnn2d', ((128, 128, (3, 3), 1, 0, 1, 16), 1, None, None, False, False)), ('adptavgpool', (1, 1)), ('linear', (128, 10, (1, 2, 3))), ('softmax', 1)]","{'epoch0': 1.5253046865463258, 'epoch1': 1.481641352891922, 'epoch2': 1.478150782585144, 'epoch3': 1.4724780051708222, 'epoch4': 1.471785969734192, 'epoch5': 1.4724471166133881, 'epoch6': 1.4695198373794556, 'epoch7': 1.4688875031471254, 'epoch8': 1.4692457571029662, 'epoch9': 1.46751895070076, 'epoch10': 1.4670683143138885, 'epoch11': 1.4669951508045196, 'epoch12': 1.4664999792575837, 'epoch13': 1.466369136095047, 'epoch14': 1.4660760645866393, 'epoch15': 1.4660051729679107, 'epoch16': 1.4657393050193788, 'epoch17': 1.4656981301307679, 'epoch18': 1.4656289999485015, 'epoch19': 1.465690292596817}",0.9799,0.9875,0.9876,0.9951,0.994,0.9942,0.9946,0.9951,0.9942,0.9961,0.9961,0.996,0.9957,0.9964,0.996,0.9958,0.9961,0.9957,0.9967,0.9962,,,,,,,,,,,,
02/15/2023 09:39,mnist,120,100,20,0.001,CE,Adam,multistep3,"[('cnn2d', ((1, 20, (3, 3), 1, 1, 1, 1), 1, None, None, 'relu', False)), ('atc2d', ((20, 40, (3, 3), 1, 1, 1, 20), 1, None, None, 'relu', True)), ('atc2d', ((40, 80, (3, 3), 1, 1, 1, 20), 1, 'first', (2, 2), 'relu', True)), ('atc2d', ((80, 160, (3, 3), 1, 1, 1, 20), 1, 'first', (2, 2), 'relu', True)), ('cnn2d', ((160, 160, (3, 3), 1, 0, 1, 20), 1, None, None, 'relu', False)), ('cnn2d', ((160, 160, (3, 3), 1, 0, 1, 20), 1, None, None, False, False)), ('adptavgpool', (1, 1)), ('linear', (160, 10, (1, 2, 3))), ('softmax', 1)]","{'epoch0': 1.5323547637462616, 'epoch1': 1.483900780439377, 'epoch2': 1.4798217062950134, 'epoch3': 1.4744349076747894, 'epoch4': 1.4734198396205902, 'epoch5': 1.473227058172226, 'epoch6': 1.4708555948734283, 'epoch7': 1.4701352252960205, 'epoch8': 1.469886970758438, 'epoch9': 1.4685615637302398, 'epoch10': 1.4679373936653137, 'epoch11': 1.4680639793872834, 'epoch12': 1.4673435072898864, 'epoch13': 1.4671470017433166, 'epoch14': 1.4670578343868255, 'epoch15': 1.466771669626236, 'epoch16': 1.466401043176651, 'epoch17': 1.4663754990100861, 'epoch18': 1.466493262052536, 'epoch19': 1.4664857096672057}",0.9867,0.9795,0.9887,0.9937,0.9928,0.9954,0.9952,0.9951,0.9965,0.9952,0.9959,0.9965,0.9967,0.9964,0.9965,0.9966,0.9967,0.9966,0.9965,0.9968,,,,,,,,,,,,
02/15/2023 08:50,mnist,120,100,30,0.001,CE,Adam,multistep3,"[('cnn2d', ((1, 16, (3, 3), 1, 1, 1, 1), 1, None, None, 'relu', False)), ('atc2d', ((16, 32, (3, 3), 1, 1, 1, 16), 1, None, None, 'relu', True)), ('atc2d', ((32, 64, (3, 3), 1, 1, 1, 16), 1, None, None, 'relu', True)), ('atc2d', ((64, 96, (3, 3), 1, 1, 1, 16), 1, 'first', (2, 2), 'relu', True)), ('atc2d', ((96, 128, (3, 3), 1, 1, 1, 16), 1, 'first', (2, 2), 'relu', True)), ('cnn2d', ((128, 128, (3, 3), 1, 1, 1, 16), 1, None, None, 'relu', False)), ('cnn2d', ((128, 128, (3, 3), 1, 0, 1, 16), 1, None, None, False, False)), ('adptavgpool', (1, 1)), ('linear', (128, 10, (1, 2, 3))), ('softmax', 1)]","{'epoch0': 1.547127495765686, 'epoch1': 1.483784728527069, 'epoch2': 1.4792409014701844, 'epoch3': 1.4748302483558655, 'epoch4': 1.4738327450752258, 'epoch5': 1.4737870564460755, 'epoch6': 1.4707342572212219, 'epoch7': 1.4702502827644348, 'epoch8': 1.4701632223129273, 'epoch9': 1.4690506904125213, 'epoch10': 1.4686861279010772, 'epoch11': 1.468011137485504, 'epoch12': 1.4672172124385834, 'epoch13': 1.4668109765052795, 'epoch14': 1.4670773704051971, 'epoch15': 1.4667935061454773, 'epoch16': 1.46712366437912, 'epoch17': 1.4666350355148317, 'epoch18': 1.4666750473976136, 'epoch19': 1.4664746205806731, 'epoch20': 1.4665502007007598, 'epoch21': 1.4664315314292908, 'epoch22': 1.4660381598472596, 'epoch23': 1.4660994436740875, 'epoch24': 1.466364321231842, 'epoch25': 1.4663944630622863, 'epoch26': 1.4661115987300872, 'epoch27': 1.466339996099472, 'epoch28': 1.4660397357940673, 'epoch29': 1.4658428905010223}",0.9845,0.9883,0.9907,0.9921,0.9946,0.9943,0.994,0.9955,0.9957,0.9954,0.9953,0.9958,0.996,0.9964,0.9961,0.996,0.9963,0.996,0.9963,0.9963,0.996,0.9959,0.9958,0.9958,0.9956,0.9963,0.9962,0.996,0.9957,0.9958,,
02/15/2023 10:39,mnist,120,100,20,0.001,CE,Adam,multistep3,"[('cnn2d', ((1, 24, (3, 3), 1, 1, 1, 1), 1, None, None, 'relu', False)), ('atc2d', ((24, 48, (3, 3), 1, 1, 1, 24), 1, None, None, 'relu', True)), ('atc2d', ((48, 96, (3, 3), 1, 1, 1, 24), 1, 'first', (2, 2), 'relu', True)), ('atc2d', ((96, 192, (3, 3), 1, 1, 1, 24), 1, 'first', (2, 2), 'relu', True)), ('cnn2d', ((192, 192, (3, 3), 1, 0, 1, 24), 1, None, None, 'relu', False)), ('cnn2d', ((192, 192, (3, 3), 1, 0, 1, 24), 1, None, None, False, False)), ('adptavgpool', (1, 1)), ('linear', (192, 10, (1, 2, 3))), ('softmax', 1)]","{'epoch0': 1.5263977808952331, 'epoch1': 1.4829871563911439, 'epoch2': 1.478128043651581, 'epoch3': 1.474223828315735, 'epoch4': 1.4733366286754608, 'epoch5': 1.472875051498413, 'epoch6': 1.4705088858604431, 'epoch7': 1.470186970949173, 'epoch8': 1.4694863834381104, 'epoch9': 1.4683301656246186, 'epoch10': 1.4678590083122254, 'epoch11': 1.4676580681800842, 'epoch12': 1.467258713722229, 'epoch13': 1.4667980513572694, 'epoch14': 1.4667638940811156, 'epoch15': 1.4662243394851684, 'epoch16': 1.4662435383796693, 'epoch17': 1.4659898738861084, 'epoch18': 1.465999760389328, 'epoch19': 1.4658658907413482}",0.989,0.9874,0.9873,0.9916,0.9935,0.9945,0.9952,0.9959,0.9958,0.9961,0.9964,0.9966,0.9966,0.9971,0.9971,0.997,0.9973,0.997,0.9971,0.9973,,,,,,,,,,,,
02/15/2023 12:32,mnist,120,100,20,0.001,CE,Adam,multistep3,"[('cnn2d', ((1, 16, (3, 3), 1, 1, 1, 1), 1, None, None, 'relu', False)), ('atc2d', ((16, 32, (3, 3), 1, 1, 1, 16), 1, None, None, 'relu', True)), ('atc2d', ((32, 64, (3, 3), 1, 1, 1, 16), 1, 'first', (2, 2), 'relu', True)), ('atc2d', ((64, 128, (3, 3), 1, 1, 1, 16), 1, 'first', (2, 2), 'relu', True)), ('cnn2d', ((128, 128, (3, 3), 1, 0, 1, 16), 1, None, None, 'relu', False)), ('cnn2d', ((128, 128, (3, 3), 1, 0, 1, 16), 1, None, None, 'relu', False)), ('linear', (1152, 10, (1, 2, 3))), ('softmax', 1)]","{'epoch0': 1.522943597316742, 'epoch1': 1.4818346405029297, 'epoch2': 1.4782301018238067, 'epoch3': 1.4731737082004548, 'epoch4': 1.4721639990806579, 'epoch5': 1.4722096776962281, 'epoch6': 1.4701005911827087, 'epoch7': 1.4692455563545228, 'epoch8': 1.4691084103584289, 'epoch9': 1.4678798809051514, 'epoch10': 1.467255222082138, 'epoch11': 1.4671510932445526, 'epoch12': 1.4669717497825623, 'epoch13': 1.466310498714447, 'epoch14': 1.4666657454967498, 'epoch15': 1.466133507490158, 'epoch16': 1.4660801997184754, 'epoch17': 1.4659926612377168, 'epoch18': 1.4659438819885253, 'epoch19': 1.4659304022789001}",0.9797,0.9913,0.9872,0.9924,0.9919,0.9934,0.9945,0.9958,0.9961,0.9952,0.9961,0.9965,0.9959,0.9962,0.9965,0.9967,0.9967,0.9966,0.9966,0.9966,,,,,,,,,,,,
02/15/2023 12:33,mnist,120,100,30,0.001,CE,Adam,multistep3,"[('cnn2d', ((1, 16, (3, 3), 1, 1, 1, 1), 1, None, None, 'relu', False)), ('atc2d', ((16, 32, (3, 3), 1, 1, 1, 16), 1, None, None, 'relu', True)), ('atc2d', ((32, 64, (3, 3), 1, 1, 1, 16), 1, 'first', (2, 2), 'relu', True)), ('atc2d', ((64, 96, (3, 3), 1, 1, 1, 16), 1, None, None, 'relu', True)), ('atc2d', ((96, 128, (3, 3), 1, 1, 1, 16), 1, 'first', (2, 2), 'relu', True)), ('cnn2d', ((128, 128, (3, 3), 1, 1, 1, 16), 1, None, None, 'relu', False)), ('cnn2d', ((128, 128, (3, 3), 1, 0, 1, 16), 1, None, None, False, False)), ('adptavgpool', (1, 1)), ('linear', (128, 10, (1, 2, 3))), ('softmax', 1)]","{'epoch0': 1.542948127269745, 'epoch1': 1.4835363702774047, 'epoch2': 1.4796359045505523, 'epoch3': 1.47381454205513, 'epoch4': 1.4734490478038789, 'epoch5': 1.4724635846614837, 'epoch6': 1.4708141579627991, 'epoch7': 1.469288144826889, 'epoch8': 1.4697576773166656, 'epoch9': 1.4682355563640594, 'epoch10': 1.4680889937877655, 'epoch11': 1.4673379940986633, 'epoch12': 1.4668724164962768, 'epoch13': 1.4664883644580842, 'epoch14': 1.4664490962028502, 'epoch15': 1.4663133356571199, 'epoch16': 1.466072428703308, 'epoch17': 1.4660990421772002, 'epoch18': 1.4658912830352784, 'epoch19': 1.4656923542022704, 'epoch20': 1.4658815517425536, 'epoch21': 1.46562558221817, 'epoch22': 1.4656434681415558, 'epoch23': 1.4656028022766114, 'epoch24': 1.4655220239162445, 'epoch25': 1.4654827184677124, 'epoch26': 1.4655632419586182, 'epoch27': 1.465681079864502, 'epoch28': 1.465578598022461, 'epoch29': 1.465451651096344}",0.9841,0.9897,0.9876,0.9934,0.994,0.9936,0.9954,0.9957,0.9967,0.9965,0.9968,0.9964,0.9961,0.9968,0.9967,0.9971,0.9971,0.9968,0.997,0.9967,0.9963,0.9971,0.9973,0.9971,0.9969,0.9973,0.9972,0.9971,0.9973,0.9968,,
02/15/2023 12:50,mnist,120,100,20,0.001,CE,Adam,multistep3,"[('cnn2d', ((1, 16, (3, 3), 1, 1, 1, 1), 1, None, None, 'relu', False)), ('atc2d', ((16, 32, (3, 3), 1, 1, 1, 16), 1, None, None, 'relu', True)), ('atc2d', ((32, 64, (3, 3), 1, 1, 1, 16), 1, 'first', (2, 2), 'relu', True)), ('atc2d', ((64, 128, (3, 3), 1, 1, 1, 16), 1, 'first', (2, 2), 'relu', True)), ('atc2d', ((128, 128, (3, 3), 1, 0, 1, 16), 1, None, None, 'relu', False)), ('atc2d', ((128, 128, (3, 3), 1, 0, 1, 16), 1, None, None, False, False)), ('adptavgpool', (1, 1)), ('linear', (128, 10, (1, 2, 3))), ('softmax', 1)]","{'epoch0': 1.522411327123642, 'epoch1': 1.4825365858078003, 'epoch2': 1.479280956506729, 'epoch3': 1.4732587039470673, 'epoch4': 1.4726155173778535, 'epoch5': 1.4729593908786773, 'epoch6': 1.4699826865196228, 'epoch7': 1.469053978919983, 'epoch8': 1.470091450214386, 'epoch9': 1.4681076173782348, 'epoch10': 1.4676785628795623, 'epoch11': 1.4673330929279327, 'epoch12': 1.4663582055568696, 'epoch13': 1.4660627233982086, 'epoch14': 1.4656825952529908, 'epoch15': 1.4654255075454712, 'epoch16': 1.4654755454063415, 'epoch17': 1.4653760395050048, 'epoch18': 1.465397489309311, 'epoch19': 1.4651699957847595}",0.9848,0.9884,0.9882,0.993,0.9924,0.9929,0.9952,0.9947,0.9947,0.9959,0.9958,0.9955,0.9961,0.9959,0.9959,0.9956,0.9962,0.9957,0.996,0.9959,,,,,,,,,,,,
02/15/2023 12:31,mnist,120,100,20,0.001,CE,Adam,multistep3,"[('cnn2d', ((1, 24, (3, 3), 1, 1, 1, 1), 1, None, None, 'relu', False)), ('atc2d', ((24, 48, (3, 3), 1, 1, 1, 24), 1, None, None, 'relu', True)), ('atc2d', ((48, 96, (3, 3), 1, 1, 1, 48), 1, 'first', (2, 2), 'relu', True)), ('atc2d', ((96, 192, (3, 3), 1, 1, 1, 96), 1, 'first', (2, 2), 'relu', True)), ('cnn2d', ((192, 192, (3, 3), 1, 0, 1, 192), 1, None, None, 'relu', False)), ('cnn2d', ((192, 192, (3, 3), 1, 0, 1, 192), 1, None, None, False, False)), ('adptavgpool', (1, 1)), ('linear', (192, 10, (1, 2, 3))), ('softmax', 1)]","{'epoch0': 1.538553943157196, 'epoch1': 1.4836576266288757, 'epoch2': 1.4806267886161804, 'epoch3': 1.4757673780918121, 'epoch4': 1.474172844171524, 'epoch5': 1.473693407535553, 'epoch6': 1.4712468984127045, 'epoch7': 1.470927782535553, 'epoch8': 1.4709111304283142, 'epoch9': 1.4696633894443512, 'epoch10': 1.4690308856964112, 'epoch11': 1.4692074379920959, 'epoch12': 1.4681120111942292, 'epoch13': 1.4677567694187164, 'epoch14': 1.4679238157272338, 'epoch15': 1.4673096153736114, 'epoch16': 1.4670872623920441, 'epoch17': 1.4671976616382598, 'epoch18': 1.4671040720939637, 'epoch19': 1.4671164381504058}",0.9816,0.9906,0.9912,0.9923,0.9947,0.9941,0.996,0.9955,0.9941,0.9958,0.9967,0.9959,0.9958,0.9962,0.9961,0.9969,0.9967,0.9964,0.9969,0.9966,,,,,,,,,,,,
02/15/2023 14:08,mnist,120,100,20,0.001,CE,Adam,multistep3,"[('cnn2d', ((1, 16, (3, 3), 1, 1, 1, 1), 1, None, None, 'relu', False)), ('atc2d', ((16, 32, (3, 3), 1, 1, 1, 8), 1, None, None, 'relu', True)), ('atc2d', ((32, 64, (3, 3), 1, 1, 1, 8), 1, 'first', (2, 2), 'relu', True)), ('atc2d', ((64, 128, (3, 3), 1, 1, 1, 8), 1, 'first', (2, 2), 'relu', True)), ('cnn2d', ((128, 128, (3, 3), 1, 0, 1, 8), 1, None, None, 'relu', False)), ('cnn2d', ((128, 128, (3, 3), 1, 0, 1, 8), 1, None, None, False, False)), ('adptavgpool', (1, 1)), ('linear', (128, 10, (1, 2, 3))), ('softmax', 1)]","{'epoch0': 1.573271838903427, 'epoch1': 1.4943724238872529, 'epoch2': 1.4875373919010162, 'epoch3': 1.4789448339939117, 'epoch4': 1.4783030543327331, 'epoch5': 1.477578066110611, 'epoch6': 1.4748992974758148, 'epoch7': 1.473755184650421, 'epoch8': 1.4735048604011536, 'epoch9': 1.4717908141613008, 'epoch10': 1.4715301451683045, 'epoch11': 1.4709188776016235, 'epoch12': 1.4704414942264556, 'epoch13': 1.4700645973682405, 'epoch14': 1.4702602241039275, 'epoch15': 1.4697047786712647, 'epoch16': 1.4693924508094787, 'epoch17': 1.4694801774024964, 'epoch18': 1.4691727857589723, 'epoch19': 1.4695869052410127}",0.9821,0.9837,0.9892,0.9927,0.9916,0.9921,0.9943,0.9943,0.9949,0.994,0.9954,0.9956,0.996,0.9962,0.9966,0.9962,0.9962,0.996,0.9963,0.9964,,,,,,,,,,,,
02/15/2023 14:59,mnist,120,100,20,0.001,CE,Adam,multistep3,"[('cnn2d', ((1, 16, (3, 3), 1, 1, 1, 1), 1, None, None, 'relu', False)), ('atc2d', ((16, 32, (3, 3), 1, 1, 1, 8), 1, None, None, 'relu', True)), ('atc2d', ((32, 64, (3, 3), 1, 1, 1, 8), 1, 'first', (2, 2), 'relu', True)), ('atc2d', ((64, 128, (3, 3), 1, 1, 1, 8), 1, 'first', (2, 2), 'relu', True)), ('cnn2d', ((128, 128, (3, 3), 1, 0, 1, 8), 1, None, None, 'relu', False)), ('cnn2d', ((128, 128, (3, 3), 1, 0, 1, 8), 1, None, None, False, False)), ('adptavgpool', (1, 1)), ('linear', (128, 10, (1, 2, 3))), ('softmax', 1)]","{'epoch0': 1.5701510181427003, 'epoch1': 1.4940933916568757, 'epoch2': 1.4873285026550294, 'epoch3': 1.4800240805149079, 'epoch4': 1.4781584758758546, 'epoch5': 1.4782777652740478, 'epoch6': 1.4745091855525971, 'epoch7': 1.4740774664878846, 'epoch8': 1.4739620506763458, 'epoch9': 1.4720819172859192, 'epoch10': 1.4719266076087951, 'epoch11': 1.471488311767578, 'epoch12': 1.4705088529586792, 'epoch13': 1.4706038744449617, 'epoch14': 1.470414490699768, 'epoch15': 1.4697812309265137, 'epoch16': 1.4695427606105804, 'epoch17': 1.4695099008083343, 'epoch18': 1.469653085708618, 'epoch19': 1.4692100367546082}",0.9828,0.9882,0.9904,0.9931,0.9919,0.989,0.9949,0.9951,0.9951,0.9958,0.9956,0.9958,0.9959,0.9958,0.9965,0.9962,0.9963,0.996,0.9961,0.9959,,,,,,,,,,,,
02/15/2023 15:57,mnist,120,100,20,0.001,CE,Adam,multistep3,"[('cnn2d', ((1, 16, (3, 3), 1, 1, 1, 1), 1, None, None, 'relu', False)), ('atc2d', ((16, 32, (3, 3), 1, 1, 1, 16), 1, None, None, 'relu', True)), ('atc2d', ((32, 64, (3, 3), 1, 1, 1, 16), 1, 'first', (2, 2), 'relu', True)), ('atc2d', ((64, 128, (3, 3), 1, 1, 1, 16), 1, 'first', (2, 2), 'relu', True)), ('cnn2d', ((128, 128, (3, 3), 1, 0, 1, 16), 1, None, None, 'relu', False)), ('cnn2d', ((128, 128, (3, 3), 1, 0, 1, 16), 1, None, None, False, False)), ('adptavgpool', (1, 1)), ('linear', (128, 10, (1, 2, 3))), ('softmax', 1)]","{'epoch0': 1.5795939011573792, 'epoch1': 1.494650622844696, 'epoch2': 1.4883919081687926, 'epoch3': 1.4798472180366515, 'epoch4': 1.4793559546470643, 'epoch5': 1.478850886106491, 'epoch6': 1.475539026737213, 'epoch7': 1.4752147727012634, 'epoch8': 1.4742846176624298, 'epoch9': 1.4722460403442383, 'epoch10': 1.4722894399166107, 'epoch11': 1.4724412677288055, 'epoch12': 1.4713125138282777, 'epoch13': 1.4710194358825683, 'epoch14': 1.4710562195777892, 'epoch15': 1.4702940604686736, 'epoch16': 1.4701918821334838, 'epoch17': 1.4702303805351258, 'epoch18': 1.4702705600261687, 'epoch19': 1.4699765837192535}",0.987,0.9905,0.9889,0.9933,0.9942,0.994,0.9949,0.995,0.9945,0.9959,0.9957,0.9959,0.996,0.9959,0.9957,0.9958,0.9958,0.9961,0.996,0.9965,,,,,,,,,,,,
02/15/2023 19:48,mnist,120,100,30,0.001,CE,Adam,multistep3,"[('cnn2d', ((1, 16, (3, 3), 1, 1, 1, 1), 1, None, None, 'relu', False)), ('atc2d', ((16, 32, (3, 3), 1, 1, 1, 16), 1, None, None, 'relu', True)), ('atc2d', ((32, 64, (3, 3), 1, 1, 1, 16), 1, 'first', (2, 2), 'relu', True)), ('atc2d', ((64, 96, (3, 3), 1, 1, 1, 16), 1, None, None, 'relu', True)), ('atc2d', ((96, 128, (3, 3), 1, 1, 1, 16), 1, 'first', (2, 2), 'relu', True)), ('cnn2d', ((128, 128, (3, 3), 1, 1, 1, 16), 1, None, None, 'relu', False)), ('cnn2d', ((128, 128, (3, 3), 1, 0, 1, 16), 1, None, None, False, False)), ('adptavgpool', (1, 1)), ('linear', (128, 10, (1, 2, 3))), ('softmax', 1)]","{'epoch0': 1.5585674183368683, 'epoch1': 1.4878854146003724, 'epoch2': 1.4831210722923278, 'epoch3': 1.4765439212322236, 'epoch4': 1.4759159224033356, 'epoch5': 1.4754540441036224, 'epoch6': 1.4724112083911896, 'epoch7': 1.472189339876175, 'epoch8': 1.4716726541519165, 'epoch9': 1.4706054379940032, 'epoch10': 1.4697205049991608, 'epoch11': 1.4696718657016754, 'epoch12': 1.46884099984169, 'epoch13': 1.4686804838180543, 'epoch14': 1.468062358379364, 'epoch15': 1.4678857858181, 'epoch16': 1.4673796174526215, 'epoch17': 1.4675891373157501, 'epoch18': 1.4677071251869203, 'epoch19': 1.4675037643909454, 'epoch20': 1.4675785167217255, 'epoch21': 1.4672805173397063, 'epoch22': 1.4670805625915528, 'epoch23': 1.4673634443283081, 'epoch24': 1.4672978348731995, 'epoch25': 1.4672555301189423, 'epoch26': 1.4671986286640166, 'epoch27': 1.467261915206909, 'epoch28': 1.4672314405441285, 'epoch29': 1.4669882607460023}",0.9836,0.9856,0.986,0.9928,0.9922,0.9902,0.9946,0.9941,0.995,0.9961,0.9957,0.9951,0.9963,0.9966,0.9957,0.9964,0.9966,0.9958,0.9959,0.996,0.9965,0.9965,0.9962,0.9966,0.9968,0.9965,0.9963,0.9969,0.996,0.9963,,
02/15/2023 23:56,mnist,120,100,20,0.001,CE,Adam,multistep3,"[('cnn2d', ((1, 24, (3, 3), 1, 1, 1, 1), 1, None, None, 'relu', False)), ('atc2d', ((24, 48, (3, 3), 1, 1, 1, 24), 1, None, None, 'relu', True)), ('atc2d', ((48, 96, (3, 3), 1, 1, 1, 24), 1, 'first', (2, 2), 'relu', True)), ('atc2d', ((96, 192, (3, 3), 1, 1, 1, 24), 1, 'first', (2, 2), 'relu', True)), ('cnn2d', ((192, 192, (3, 3), 1, 0, 1, 24), 1, None, None, 'relu', False)), ('cnn2d', ((192, 192, (3, 3), 1, 0, 1, 24), 1, None, None, False, False)), ('adptavgpool', (1, 1)), ('linear', (192, 10, (1, 2, 3))), ('softmax', 1)]","{'epoch0': 1.5652085943222045, 'epoch1': 1.4930010015964508, 'epoch2': 1.4864061150550842, 'epoch3': 1.4790374460220337, 'epoch4': 1.4780583660602569, 'epoch5': 1.477771118402481, 'epoch6': 1.474205718755722, 'epoch7': 1.4737993018627167, 'epoch8': 1.4734354948997497, 'epoch9': 1.4715197727680207, 'epoch10': 1.4715622885227204, 'epoch11': 1.4708254761695863, 'epoch12': 1.4701185364723206, 'epoch13': 1.4699570169448852, 'epoch14': 1.469168054819107, 'epoch15': 1.4692770190238953, 'epoch16': 1.4690213847160338, 'epoch17': 1.4693063368797303, 'epoch18': 1.4690983080863953, 'epoch19': 1.4686322538852692}",0.9795,0.9905,0.9902,0.9944,0.9914,0.9925,0.9946,0.9951,0.9944,0.9961,0.9953,0.9957,0.9963,0.9957,0.9961,0.9965,0.9963,0.9968,0.9965,0.9966,,,,,,,,,,,,
02/15/2023 23:55,mnist,120,100,30,0.001,CE,Adam,multistep3,"[('cnn2d', ((1, 24, (3, 3), 1, 1, 1, 1), 1, None, None, 'relu', False)), ('atc2d', ((24, 48, (3, 3), 1, 1, 1, 24), 1, None, None, 'relu', True)), ('atc2d', ((48, 96, (3, 3), 1, 1, 1, 24), 1, 'first', (2, 2), 'relu', True)), ('atc2d', ((96, 144, (3, 3), 1, 1, 1, 24), 1, None, None, 'relu', True)), ('atc2d', ((144, 192, (3, 3), 1, 1, 1, 24), 1, 'first', (2, 2), 'relu', True)), ('cnn2d', ((192, 192, (3, 3), 1, 1, 1, 24), 1, None, None, 'relu', False)), ('cnn2d', ((192, 192, (3, 3), 1, 0, 1, 24), 1, None, None, False, False)), ('adptavgpool', (1, 1)), ('linear', (192, 10, (1, 2, 3))), ('softmax', 1)]","{'epoch0': 1.5460760049819946, 'epoch1': 1.4875518944263457, 'epoch2': 1.4838651864528656, 'epoch3': 1.4767149772644044, 'epoch4': 1.475607190132141, 'epoch5': 1.4750859842300414, 'epoch6': 1.471817034482956, 'epoch7': 1.4714932088851929, 'epoch8': 1.4716333754062652, 'epoch9': 1.469640171766281, 'epoch10': 1.4694535143375396, 'epoch11': 1.4691539316177369, 'epoch12': 1.4683931422233583, 'epoch13': 1.4676816294193267, 'epoch14': 1.4677641243934632, 'epoch15': 1.467422491312027, 'epoch16': 1.4675112056732178, 'epoch17': 1.4669545121192933, 'epoch18': 1.4668197219371795, 'epoch19': 1.4668936824798584, 'epoch20': 1.4667541728019715, 'epoch21': 1.4669797060489655, 'epoch22': 1.4666626336574555, 'epoch23': 1.46664901971817, 'epoch24': 1.4666534688472748, 'epoch25': 1.4668155179023743, 'epoch26': 1.4666412315368653, 'epoch27': 1.466421659708023, 'epoch28': 1.4663990695476532, 'epoch29': 1.4664825158119201}",0.984,0.9807,0.9874,0.9939,0.9921,0.9942,0.9961,0.9952,0.9944,0.9966,0.9964,0.9961,0.9972,0.997,0.9967,0.9966,0.9968,0.9966,0.9966,0.997,0.9972,0.9969,0.9969,0.997,0.9969,0.9968,0.997,0.9968,0.9971,0.9968,,
02/16/2023 02:02,mnist,120,100,30,0.001,CE,Adam,multistep3,"[('cnn2d', ((1, 24, (5, 5), 1, 2, 1, 1), 1, None, None, 'relu', False)), ('atc2d', ((24, 48, (3, 3), 1, 1, 1, 24), 1, None, None, 'relu', True)), ('atc2d', ((48, 96, (3, 3), 1, 1, 1, 24), 1, 'first', (2, 2), 'relu', True)), ('atc2d', ((96, 144, (3, 3), 1, 1, 1, 24), 1, None, None, 'relu', True)), ('atc2d', ((144, 192, (3, 3), 1, 1, 1, 24), 1, 'first', (2, 2), 'relu', True)), ('cnn2d', ((192, 192, (3, 3), 1, 1, 1, 24), 1, None, None, 'relu', False)), ('cnn2d', ((192, 192, (3, 3), 1, 0, 1, 24), 1, None, None, False, False)), ('adptavgpool', (1, 1)), ('linear', (192, 10, (1, 2, 3))), ('softmax', 1)]","{'epoch0': 1.5438874900341033, 'epoch1': 1.4889765317440034, 'epoch2': 1.4838161911964416, 'epoch3': 1.4774677922725679, 'epoch4': 1.476298108100891, 'epoch5': 1.475625667333603, 'epoch6': 1.4724608602523803, 'epoch7': 1.4718848049640656, 'epoch8': 1.4720309326648713, 'epoch9': 1.470275363922119, 'epoch10': 1.4696837990283966, 'epoch11': 1.46963631939888, 'epoch12': 1.4683177981376647, 'epoch13': 1.468467910528183, 'epoch14': 1.4679100239276885, 'epoch15': 1.467373766183853, 'epoch16': 1.467394241809845, 'epoch17': 1.4672921645641326, 'epoch18': 1.4670572803020476, 'epoch19': 1.467299228668213, 'epoch20': 1.466980148792267, 'epoch21': 1.4669492285251617, 'epoch22': 1.4669670219421387, 'epoch23': 1.4669570775032044, 'epoch24': 1.4668350868225097, 'epoch25': 1.4669942212104798, 'epoch26': 1.466908588886261, 'epoch27': 1.466533436536789, 'epoch28': 1.4667135894298553, 'epoch29': 1.4665486619472503}",0.9831,0.9879,0.9863,0.9931,0.9938,0.9927,0.9934,0.9947,0.9945,0.9959,0.996,0.9958,0.9969,0.9968,0.997,0.997,0.9969,0.9966,0.9969,0.9972,0.9969,0.9966,0.9968,0.9968,0.9968,0.9968,0.9965,0.9962,0.9967,0.9974,,
02/16/2023 11:16,mnist,120,100,20,0.001,CE,Adam,multistep3,"[('cnn2d', ((1, 24, (3, 3), 1, 1, 1, 1), 1, None, None, 'relu', False)), ('atc2d', ((24, 48, (3, 3), 1, 1, 1, 24), 1, None, None, 'relu', True)), ('atc2d', ((48, 72, (3, 3), 1, 1, 1, 24), 1, 'first', (2, 2), 'relu', True)), ('atc2d', ((72, 96, (3, 3), 1, 1, 1, 24), 1, 'first', (2, 2), 'relu', True)), ('cnn2d', ((96, 96, (3, 3), 1, 0, 1, 24), 1, None, None, 'relu', False)), ('cnn2d', ((96, 96, (3, 3), 1, 0, 1, 24), 1, None, None, False, False)), ('adptavgpool', (1, 1)), ('linear', (96, 10, (1, 2, 3))), ('softmax', 1)]","{'epoch0': 1.60162668466568, 'epoch1': 1.4966927723884582, 'epoch2': 1.4894295411109923, 'epoch3': 1.482087543964386, 'epoch4': 1.4810871324539185, 'epoch5': 1.4796166219711304, 'epoch6': 1.4765173144340515, 'epoch7': 1.4757366428375245, 'epoch8': 1.476014288187027, 'epoch9': 1.4739955084323884, 'epoch10': 1.473004811525345, 'epoch11': 1.4730460331439972, 'epoch12': 1.471845489501953, 'epoch13': 1.4717356417179108, 'epoch14': 1.4713320841789246, 'epoch15': 1.4711664841175078, 'epoch16': 1.4711103703975676, 'epoch17': 1.471091570854187, 'epoch18': 1.4710543410778045, 'epoch19': 1.470585377931595}",0.9842,0.9878,0.9834,0.9913,0.9901,0.9931,0.9932,0.9936,0.9938,0.9943,0.995,0.9957,0.9954,0.9956,0.9953,0.9949,0.9957,0.9954,0.9955,0.9956,,,,,,,,,,,,
02/16/2023 11:33,mnist,120,100,20,0.001,CE,Adam,multistep3,"[('cnn2d', ((1, 16, (3, 3), 1, 1, 1, 1), 1, None, None, 'relu', False)), ('atc2d', ((16, 32, (3, 3), 1, 1, 1, 16), 1, None, None, 'relu', True)), ('atc2d', ((32, 64, (3, 3), 1, 1, 1, 16), 1, 'first', (2, 2), 'relu', True)), ('atc2d', ((64, 128, (3, 3), 1, 1, 1, 16), 1, 'first', (2, 2), 'relu', True)), ('cnn2d', ((128, 128, (3, 3), 1, 0, 1, 16), 1, None, None, 'relu', False)), ('cnn2d', ((128, 128, (3, 3), 1, 0, 1, 16), 1, None, None, False, False)), ('adptavgpool', (1, 1)), ('linear', (128, 10, (1, 2, 3))), ('softmax', 1)]","{'epoch0': 1.7364833307266236, 'epoch1': 1.5782540247440338, 'epoch2': 1.5348977930545806, 'epoch3': 1.5123986372947693, 'epoch4': 1.5052135210037232, 'epoch5': 1.5002520575523377, 'epoch6': 1.4932911841869354, 'epoch7': 1.4912753067016602, 'epoch8': 1.4888498542308808, 'epoch9': 1.485636566877365, 'epoch10': 1.4843836338520051, 'epoch11': 1.4833523395061492, 'epoch12': 1.4818637890815736, 'epoch13': 1.4812917869091033, 'epoch14': 1.4811762342453003, 'epoch15': 1.4803645470142364, 'epoch16': 1.4796674060821533, 'epoch17': 1.4796277422904969, 'epoch18': 1.4794219961166382, 'epoch19': 1.4791512970924376}",0.9839,0.987,0.9898,0.9933,0.9934,0.9935,0.993,0.9952,0.9944,0.9951,0.9953,0.9959,0.9958,0.9959,0.9964,0.9963,0.9963,0.9956,0.996,0.9962,,,,,,,,,,,,
02/16/2023 13:39,mnist,120,100,20,0.001,CE,Adam,multistep3,"[('cnn2d', ((1, 16, (3, 3), 1, 1, 1, 1), 1, None, None, 'relu', False)), ('atc2d', ((16, 32, (3, 3), 1, 1, 1, 16), 1, None, None, 'relu', True)), ('atc2d', ((32, 64, (3, 3), 1, 1, 1, 16), 1, 'first', (2, 2), 'relu', True)), ('atc2d', ((64, 128, (3, 3), 1, 1, 1, 16), 1, 'first', (2, 2), 'relu', True)), ('cnn2d', ((128, 128, (3, 3), 1, 0, 1, 16), 1, None, None, 'relu', False)), ('cnn2d', ((128, 128, (3, 3), 1, 0, 1, 16), 1, None, None, False, False)), ('adptavgpool', (1, 1)), ('linear', (128, 10, (1, 2, 3))), ('softmax', 1)]","{'epoch0': 1.5783137822151183, 'epoch1': 1.4954182739257813, 'epoch2': 1.488181679725647, 'epoch3': 1.4807073578834533, 'epoch4': 1.4790608716011047, 'epoch5': 1.478266048192978, 'epoch6': 1.475706126689911, 'epoch7': 1.474732305765152, 'epoch8': 1.4743156733512879, 'epoch9': 1.4725558772087097, 'epoch10': 1.4719278800487519, 'epoch11': 1.471813321352005, 'epoch12': 1.4710336031913758, 'epoch13': 1.4704974262714385, 'epoch14': 1.4705825490951538, 'epoch15': 1.4702933735847472, 'epoch16': 1.4700859191417694, 'epoch17': 1.4701154804229737, 'epoch18': 1.4702995412349702, 'epoch19': 1.469885520219803}",0.9851,0.9865,0.9889,0.993,0.9932,0.9922,0.9939,0.9954,0.9951,0.9958,0.9955,0.9954,0.9963,0.9965,0.9958,0.9966,0.9962,0.9969,0.997,0.9966,,,,,,,,,,,,
02/16/2023 16:25,mnist,120,100,20,0.001,CE,Adam,multistep3,"[('cnn2d', ((1, 24, (3, 3), 1, 1, 1, 1), 1, None, None, False, False)), ('atc2d', ((24, 48, (3, 3), 1, 1, 1, 24), 1, None, None, False, True)), ('atc2d', ((48, 96, (3, 3), 1, 1, 1, 24), 1, 'first', (2, 2), False, True)), ('atc2d', ((96, 192, (3, 3), 1, 1, 1, 24), 1, 'first', (2, 2), False, True)), ('cnn2d', ((192, 192, (3, 3), 1, 0, 1, 24), 1, None, None, 'relu', False)), ('cnn2d', ((192, 192, (3, 3), 1, 0, 1, 24), 1, None, None, False, False)), ('adptavgpool', (1, 1)), ('linear', (192, 10, (1, 2, 3))), ('softmax', 1)]","{'epoch0': 1.5814031600952148, 'epoch1': 1.4965770835876464, 'epoch2': 1.4910437879562377, 'epoch3': 1.482776859998703, 'epoch4': 1.4808435406684874, 'epoch5': 1.4793902430534362, 'epoch6': 1.4761653921604156, 'epoch7': 1.4756592230796814, 'epoch8': 1.4758334839344025, 'epoch9': 1.4738732097148894, 'epoch10': 1.4727680208683014, 'epoch11': 1.472779000043869, 'epoch12': 1.4720782985687255, 'epoch13': 1.4717668766975402, 'epoch14': 1.4714249203205108, 'epoch15': 1.4709416298866271, 'epoch16': 1.470652627468109, 'epoch17': 1.4704255607128143, 'epoch18': 1.47062411570549, 'epoch19': 1.4703201267719268}",0.9854,0.9858,0.9897,0.9941,0.9922,0.9915,0.9941,0.9931,0.9938,0.9953,0.9948,0.9951,0.9954,0.9952,0.9951,0.9958,0.9959,0.9961,0.9961,0.9958,,,,,,,,,,,,
02/16/2023 16:28,mnist,120,100,20,0.001,CE,Adam,multistep3,"[('cnn2d', ((1, 24, (3, 3), 1, 1, 1, 1), 1, None, None, 'elu', False)), ('atc2d', ((24, 48, (3, 3), 1, 1, 1, 24), 1, None, None, 'elu', True)), ('atc2d', ((48, 96, (3, 3), 1, 1, 1, 24), 1, 'first', (2, 2), 'elu', True)), ('atc2d', ((96, 192, (3, 3), 1, 1, 1, 24), 1, 'first', (2, 2), 'elu', True)), ('cnn2d', ((192, 192, (3, 3), 1, 0, 1, 24), 1, None, None, 'elu', False)), ('cnn2d', ((192, 192, (3, 3), 1, 0, 1, 24), 1, None, None, False, False)), ('adptavgpool', (1, 1)), ('linear', (192, 10, (1, 2, 3))), ('softmax', 1)]","{'epoch0': 1.5806800467967987, 'epoch1': 1.5008960616588594, 'epoch2': 1.4932005259990693, 'epoch3': 1.4842173147201538, 'epoch4': 1.482664374113083, 'epoch5': 1.4819409704208375, 'epoch6': 1.478325439453125, 'epoch7': 1.477311172246933, 'epoch8': 1.476778160572052, 'epoch9': 1.4743334028720856, 'epoch10': 1.4734620449542999, 'epoch11': 1.4734063992500306, 'epoch12': 1.4726677689552308, 'epoch13': 1.4717440571784972, 'epoch14': 1.471659656047821, 'epoch15': 1.4711419529914855, 'epoch16': 1.4708489863872527, 'epoch17': 1.4709032306671141, 'epoch18': 1.4707846262454987, 'epoch19': 1.4709287815093994}",0.9842,0.9851,0.9888,0.9922,0.988,0.9926,0.9943,0.9945,0.9937,0.9952,0.9952,0.9954,0.9957,0.9961,0.9955,0.9957,0.9955,0.9962,0.9958,0.9959,,,,,,,,,,,,
02/16/2023 16:29,mnist,120,100,20,0.001,CE,Adam,multistep3,"[('cnn2d', ((1, 30, (3, 3), 1, 1, 1, 1), 1, None, None, 'relu', False)), ('atc2d', ((30, 60, (3, 3), 1, 1, 1, 30), 1, None, None, 'relu', True)), ('atc2d', ((60, 120, (3, 3), 1, 1, 1, 30), 1, 'first', (2, 2), 'relu', True)), ('atc2d', ((120, 240, (3, 3), 1, 1, 1, 30), 1, 'first', (2, 2), 'relu', True)), ('cnn2d', ((240, 240, (3, 3), 1, 0, 1, 30), 1, None, None, 'relu', False)), ('cnn2d', ((240, 240, (3, 3), 1, 0, 1, 30), 1, None, None, False, False)), ('adptavgpool', (1, 1)), ('linear', (240, 10, (1, 2, 3))), ('softmax', 1)]","{'epoch0': 1.5538513622283936, 'epoch1': 1.4916709265708923, 'epoch2': 1.486548084974289, 'epoch3': 1.47874485707283, 'epoch4': 1.4783641605377198, 'epoch5': 1.4778873765468596, 'epoch6': 1.4738994081020356, 'epoch7': 1.4732703113555907, 'epoch8': 1.47318497133255, 'epoch9': 1.471091066122055, 'epoch10': 1.4708747415542602, 'epoch11': 1.4707381093502045, 'epoch12': 1.4702456452846526, 'epoch13': 1.4693526804447175, 'epoch14': 1.469502511739731, 'epoch15': 1.468452389717102, 'epoch16': 1.468534658908844, 'epoch17': 1.4685780601501466, 'epoch18': 1.4682389526367188, 'epoch19': 1.4680578844547272}",0.9851,0.9869,0.9857,0.9939,0.9935,0.9921,0.9951,0.9944,0.9954,0.997,0.9969,0.9965,0.9963,0.9967,0.9969,0.997,0.9969,0.9967,0.9973,0.9973,,,,,,,,,,,,
02/16/2023 16:27,mnist,120,100,30,0.001,CE,Adam,multistep3,"[('cnn2d', ((1, 24, (7, 7), 1, 3, 1, 1), 1, None, None, 'relu', False)), ('atc2d', ((24, 48, (3, 3), 1, 1, 1, 24), 1, None, None, 'relu', True)), ('atc2d', ((48, 96, (3, 3), 1, 1, 1, 24), 1, 'first', (2, 2), 'relu', True)), ('atc2d', ((96, 144, (3, 3), 1, 1, 1, 24), 1, None, None, 'relu', True)), ('atc2d', ((144, 192, (3, 3), 1, 1, 1, 24), 1, 'first', (2, 2), 'relu', True)), ('cnn2d', ((192, 192, (3, 3), 1, 1, 1, 24), 1, None, None, 'relu', False)), ('cnn2d', ((192, 192, (3, 3), 1, 0, 1, 24), 1, None, None, False, False)), ('adptavgpool', (1, 1)), ('linear', (192, 10, (1, 2, 3))), ('softmax', 1)]","{'epoch0': 1.5497072639465332, 'epoch1': 1.490978536605835, 'epoch2': 1.4856181282997132, 'epoch3': 1.4775035657882691, 'epoch4': 1.4770315918922425, 'epoch5': 1.4763516199588775, 'epoch6': 1.4730166251659393, 'epoch7': 1.4720064103603363, 'epoch8': 1.4722546472549438, 'epoch9': 1.4702318019866942, 'epoch10': 1.469597702026367, 'epoch11': 1.4692940878868104, 'epoch12': 1.4685100750923157, 'epoch13': 1.4678374152183533, 'epoch14': 1.4678116407394408, 'epoch15': 1.4676065349578857, 'epoch16': 1.4674409003257751, 'epoch17': 1.4672887477874756, 'epoch18': 1.467277375936508, 'epoch19': 1.4672932088375092, 'epoch20': 1.4671504821777344, 'epoch21': 1.4671574192047119, 'epoch22': 1.4673227198123933, 'epoch23': 1.4665486106872558, 'epoch24': 1.4671514074802399, 'epoch25': 1.4669434368610381, 'epoch26': 1.4668386673927307, 'epoch27': 1.4665404047966004, 'epoch28': 1.46685040974617, 'epoch29': 1.4667231845855713}",0.9771,0.9847,0.9885,0.992,0.9912,0.9935,0.9953,0.9937,0.9941,0.9954,0.9964,0.9962,0.9963,0.9964,0.9963,0.9967,0.9971,0.9974,0.9972,0.9965,0.9968,0.9969,0.9976,0.9969,0.9968,0.997,0.9969,0.9971,0.997,0.9971,,
02/16/2023 22:50,mnist,120,100,30,0.001,CE,Adam,multistep3,"[('cnn2d', ((1, 24, (7, 7), 1, 3, 1, 1), 1, None, None, 'relu', False)), ('atc2d', ((24, 48, (3, 3), 1, 1, 1, 24), 1, None, None, 'relu', True)), ('atc2d', ((48, 96, (3, 3), 1, 1, 1, 24), 1, 'first', (2, 2), 'relu', True)), ('atc2d', ((96, 144, (3, 3), 1, 1, 1, 24), 1, None, None, 'relu', True)), ('atc2d', ((144, 192, (3, 3), 1, 1, 1, 24), 1, 'first', (2, 2), 'relu', True)), ('cnn2d', ((192, 240, (3, 3), 1, 1, 1, 24), 1, None, None, 'relu', False)), ('cnn2d', ((240, 240, (3, 3), 1, 0, 1, 24), 1, None, None, False, False)), ('adptavgpool', (1, 1)), ('linear', (240, 10, (1, 2, 3))), ('softmax', 1)]","{'epoch0': 1.5425853688716888, 'epoch1': 1.490407363176346, 'epoch2': 1.4857266669273377, 'epoch3': 1.4834574918746948, 'epoch4': 1.4764959721565247, 'epoch5': 1.4768375723361968, 'epoch6': 1.47552592587471, 'epoch7': 1.4757485990524293, 'epoch8': 1.4723383345603942, 'epoch9': 1.4720826127529145, 'epoch10': 1.4717258343696593, 'epoch11': 1.4715878114700318, 'epoch12': 1.469926830768585, 'epoch13': 1.4697851662635804, 'epoch14': 1.4696000008583068, 'epoch15': 1.469317702770233, 'epoch16': 1.4684957892894746, 'epoch17': 1.4682138133049012, 'epoch18': 1.4675378537178039, 'epoch19': 1.4676177563667296, 'epoch20': 1.4673414225578307, 'epoch21': 1.4668322911262512, 'epoch22': 1.4669446902275085, 'epoch23': 1.4668501999378205, 'epoch24': 1.4667372207641602, 'epoch25': 1.4665947465896607, 'epoch26': 1.4665638358592987, 'epoch27': 1.4663789896965027, 'epoch28': 1.4663292491436004, 'epoch29': 1.4664265384674073}",0.9557,0.9836,0.9852,0.9745,0.9921,0.989,0.9877,0.9935,0.9954,0.9949,0.9946,0.9949,0.9958,0.996,0.9956,0.9954,0.9963,0.9966,0.9967,0.9966,0.9969,0.9968,0.9967,0.9967,0.9964,0.9971,0.9967,0.997,0.9968,0.9968,,
02/17/2023 19:49,mnist,120,100,30,0.001,CE,Adam,multistep3,"[('cnn2d', ((1, 24, (7, 7), 1, 3, 1, 1), 1, None, None, 'relu', False)), ('atc2d', ((24, 48, (3, 3), 1, 1, 1, 24), 1, None, None, 'relu', True)), ('atc2d', ((48, 96, (3, 3), 1, 1, 1, 24), 1, 'first', (2, 2), 'relu', True)), ('atc2d', ((96, 144, (3, 3), 1, 1, 1, 24), 1, None, None, 'relu', True)), ('atc2d', ((144, 192, (3, 3), 1, 1, 1, 24), 1, 'first', (2, 2), 'relu', True)), ('cnn2d', ((192, 240, (3, 3), 1, 1, 1, 24), 1, None, None, 'relu', False)), ('cnn2d', ((240, 240, (3, 3), 1, 0, 1, 24), 1, None, None, False, False)), ('adptavgpool', (1, 1)), ('linear', (240, 10, (1, 2, 3))), ('softmax', 1)]","{'epoch0': 1.5506392343044282, 'epoch1': 1.4929838495254517, 'epoch2': 1.48639862036705, 'epoch3': 1.4848551304340363, 'epoch4': 1.4780079350471496, 'epoch5': 1.477052169561386, 'epoch6': 1.4764974675178528, 'epoch7': 1.4762302997112273, 'epoch8': 1.4727118334770202, 'epoch9': 1.472482018470764, 'epoch10': 1.472277774810791, 'epoch11': 1.4721024401187897, 'epoch12': 1.4697865569591522, 'epoch13': 1.4696369469165802, 'epoch14': 1.46944446516037, 'epoch15': 1.4695685024261476, 'epoch16': 1.468330062866211, 'epoch17': 1.4678726046085357, 'epoch18': 1.4674905683994293, 'epoch19': 1.4677504906654357, 'epoch20': 1.4672338614463807, 'epoch21': 1.4670608913898469, 'epoch22': 1.4670448138713836, 'epoch23': 1.466628804922104, 'epoch24': 1.4670271236896515, 'epoch25': 1.4666039969921112, 'epoch26': 1.4664758160114288, 'epoch27': 1.4664388306140899, 'epoch28': 1.466261727333069, 'epoch29': 1.4662772443294525}",0.926,0.9837,0.9814,0.9849,0.9916,0.9916,0.9915,0.9911,0.9945,0.9942,0.9933,0.9957,0.9958,0.9962,0.9955,0.9967,0.9967,0.9967,0.9965,0.9966,0.9975,0.9965,0.9969,0.9972,0.9971,0.9975,0.9975,0.9968,0.997,0.9975,,
02/20/2023 11:00,mnist,120,100,30,0.001,CE,Adam,multistep3,"[('cnn2d', ((1, 30, (7, 7), 1, 3, 1, 1), 1, None, None, 'relu', False)), ('atc2d', ((30, 60, (3, 3), 1, 1, 1, 30), 1, None, None, 'relu', True)), ('atc2d', ((60, 120, (3, 3), 1, 1, 1, 30), 1, 'first', (2, 2), 'relu', True)), ('atc2d', ((120, 180, (3, 3), 1, 1, 1, 30), 1, None, None, 'relu', True)), ('atc2d', ((180, 240, (3, 3), 1, 1, 1, 30), 1, 'first', (2, 2), 'relu', True)), ('cnn2d', ((240, 240, (3, 3), 1, 1, 1, 30), 1, None, None, 'relu', False)), ('cnn2d', ((240, 240, (3, 3), 1, 0, 1, 30), 1, None, None, False, False)), ('adptavgpool', (1, 1)), ('linear', (240, 10, (1, 2, 3))), ('softmax', 1)]","{'epoch0': 1.5283434994220733, 'epoch1': 1.4869669468402862, 'epoch2': 1.4823973398208619, 'epoch3': 1.4811140940189362, 'epoch4': 1.4748207626342773, 'epoch5': 1.473930186510086, 'epoch6': 1.4742566635608674, 'epoch7': 1.4741588864326478, 'epoch8': 1.4705336821079253, 'epoch9': 1.4698295586109162, 'epoch10': 1.4701885101795196, 'epoch11': 1.469858017206192, 'epoch12': 1.4679440846443177, 'epoch13': 1.4674511220455169, 'epoch14': 1.4674549310207368, 'epoch15': 1.467477923154831, 'epoch16': 1.4667693328857423, 'epoch17': 1.4665807960033417, 'epoch18': 1.4659228940010072, 'epoch19': 1.4659471666812898, 'epoch20': 1.4655497665405273, 'epoch21': 1.46540962433815}",0.985,0.9909,0.9887,0.9833,0.993,0.9942,0.9912,0.9944,0.9952,0.995,0.9953,0.9947,0.9965,0.9967,0.9954,0.996,0.9968,0.9966,0.9963,0.9964,0.9966,0.9969,,,,,,,,,,
02/20/2023 12:57,mnist,120,120,30,0.001,CE,Adam,multistep3,"[('cnn2d', ((1, 30, (7, 7), 1, 3, 1, 1), 1, None, None, 'relu', False)), ('atc2d', ((30, 60, (3, 3), 1, 1, 1, 30), 1, None, None, 'relu', True)), ('atc2d', ((60, 120, (3, 3), 1, 1, 1, 30), 1, 'first', (2, 2), 'relu', True)), ('atc2d', ((120, 180, (3, 3), 1, 1, 1, 30), 1, None, None, 'relu', True)), ('atc2d', ((180, 240, (3, 3), 1, 1, 1, 30), 1, 'first', (2, 2), 'relu', True)), ('cnn2d', ((240, 300, (3, 3), 1, 1, 1, 30), 1, None, None, 'relu', False)), ('cnn2d', ((300, 300, (3, 3), 1, 0, 1, 30), 1, None, None, False, False)), ('adptavgpool', (1, 1)), ('linear', (300, 10, (1, 2, 3))), ('softmax', 1)]","{'epoch0': 1.5283261156082153, 'epoch1': 1.4870819790363312, 'epoch2': 1.483527456998825, 'epoch3': 1.4812533724308015, 'epoch4': 1.4746427822113037, 'epoch5': 1.4742671921253205, 'epoch6': 1.474594197511673, 'epoch7': 1.474839242219925, 'epoch8': 1.4710454750061035, 'epoch9': 1.4700095460414886, 'epoch10': 1.4702769186496734, 'epoch11': 1.4701589448451995, 'epoch12': 1.4681755056381225, 'epoch13': 1.4675083363056183, 'epoch14': 1.4676419579982758, 'epoch15': 1.4677580687999725, 'epoch16': 1.4667970728874207, 'epoch17': 1.4664512524604798, 'epoch18': 1.4663304810523987, 'epoch19': 1.466039157629013, 'epoch20': 1.465560827255249, 'epoch21': 1.4654800508022308, 'epoch22': 1.4652413494586944, 'epoch23': 1.4653457033634185, 'epoch24': 1.4648535413742065, 'epoch25': 1.465220257282257, 'epoch26': 1.4651319906711577, 'epoch27': 1.4647478265762328, 'epoch28': 1.4647911617755889, 'epoch29': 1.4651540858745575}",0.9716,0.9886,0.991,0.9908,0.9938,0.9933,0.9919,0.994,0.9944,0.9955,0.995,0.9962,0.9967,0.9958,0.9953,0.9956,0.9967,0.9968,0.996,0.996,0.9966,0.9972,0.9967,0.9968,0.9968,0.9969,0.9968,0.9964,0.9966,0.9968,,
02/20/2023 16:56,mnist,120,120,30,0.001,CE,Adam,multistep3,"[('cnn2d', ((1, 24, (7, 7), 1, 3, 1, 1), 1, None, None, 'relu', False)), ('atc2d', ((24, 48, (3, 3), 1, 1, 1, 24), 1, None, None, 'relu', True)), ('atc2d', ((48, 96, (3, 3), 1, 1, 1, 24), 1, 'first', (2, 2), 'relu', True)), ('atc2d', ((96, 144, (3, 3), 1, 1, 1, 24), 1, None, None, 'relu', True)), ('atc2d', ((144, 192, (3, 3), 1, 1, 1, 24), 1, 'first', (2, 2), 'relu', True)), ('cnn2d', ((192, 240, (3, 3), 1, 1, 1, 24), 1, None, None, 'relu', False)), ('cnn2d', ((240, 240, (3, 3), 1, 0, 1, 24), 1, None, None, False, False)), ('adptavgpool', (1, 1)), ('linear', (240, 10, (1, 2, 3))), ('softmax', 1)]","{'epoch0': 1.5311681883335113, 'epoch1': 1.4875472099781037, 'epoch2': 1.48302512550354, 'epoch3': 1.4798452906608581, 'epoch4': 1.474211145401001, 'epoch5': 1.4747529566287993, 'epoch6': 1.4743494038581848, 'epoch7': 1.4737837567329406, 'epoch8': 1.4710252602100373, 'epoch9': 1.4702546243667602, 'epoch10': 1.470180273294449, 'epoch11': 1.4697566616535187, 'epoch12': 1.4685060472488403, 'epoch13': 1.4681755664348601, 'epoch14': 1.468049287557602, 'epoch15': 1.4676622076034547, 'epoch16': 1.4669209833145143, 'epoch17': 1.4663664557933807, 'epoch18': 1.4665089452266693, 'epoch19': 1.4665107445716858, 'epoch20': 1.466196753501892, 'epoch21': 1.4656558663845063, 'epoch22': 1.4655389914512633, 'epoch23': 1.4656527061462403, 'epoch24': 1.4655153386592865, 'epoch25': 1.4654880726337434, 'epoch26': 1.4649904477596283, 'epoch27': 1.4651614921092988, 'epoch28': 1.4654579181671143, 'epoch29': 1.4649915208816529}",0.9653,0.9896,0.9884,0.9923,0.9934,0.9923,0.9931,0.9921,0.9956,0.9946,0.9957,0.9954,0.9957,0.9956,0.9965,0.9956,0.9966,0.996,0.9965,0.9967,0.9969,0.9971,0.9971,0.9967,0.997,0.9969,0.9972,0.9967,0.9969,0.9971,,
